msa_name_net,naics_name,emp,share
"Akron, OH Metro Area, Portage County, Ohio, 10420","General Medical and Surgical Hospitals , 622110",16060,0.0564
"Akron, OH Metro Area, Portage County, Ohio, 10420","Corporate, Subsidiary, and Regional Managing Offices , 551114",14377,0.0505
"Akron, OH Metro Area, Portage County, Ohio, 10420","Limited-Service Restaurants , 722513",13195,0.0464
"Akron, OH Metro Area, Portage County, Ohio, 10420","Full-Service Restaurants , 722511",10902,0.0383
"Akron, OH Metro Area, Portage County, Ohio, 10420","Offices of Physicians (except Mental Health Specialists) , 621111",8227,0.0289
"Albany-Schenectady-Troy, NY Metro Area, Albany County, New York, 10580","General Medical and Surgical Hospitals , 622110",19157,0.055
"Albany-Schenectady-Troy, NY Metro Area, Albany County, New York, 10580","Full-Service Restaurants , 722511",13920,0.0399
"Albany-Schenectady-Troy, NY Metro Area, Albany County, New York, 10580","Colleges, Universities, and Professional Schools , 611310",11504,0.033
"Albany-Schenectady-Troy, NY Metro Area, Albany County, New York, 10580","Supermarkets and Other Grocery (except Convenience) Stores , 445110",10161,0.0292
"Albany-Schenectady-Troy, NY Metro Area, Albany County, New York, 10580","Corporate, Subsidiary, and Regional Managing Offices , 551114",9910,0.0284
"Allentown-Bethlehem-Easton, PA-NJ Metro Area, Warren County, New Jersey, 10900","General Medical and Surgical Hospitals , 622110",27780,0.0799
"Allentown-Bethlehem-Easton, PA-NJ Metro Area, Warren County, New Jersey, 10900","Offices of Physicians (except Mental Health Specialists) , 621111",13376,0.0385
"Allentown-Bethlehem-Easton, PA-NJ Metro Area, Warren County, New Jersey, 10900","General Warehousing and Storage , 493110",12170,0.035
"Allentown-Bethlehem-Easton, PA-NJ Metro Area, Warren County, New Jersey, 10900","Full-Service Restaurants , 722511",11815,0.034
"Allentown-Bethlehem-Easton, PA-NJ Metro Area, Warren County, New Jersey, 10900","Supermarkets and Other Grocery (except Convenience) Stores , 445110",9610,0.0277
"Anchorage, AK Metro Area, Anchorage Municipality, Alaska, 11260","General Medical and Surgical Hospitals , 622110",8171,0.0504
"Anchorage, AK Metro Area, Anchorage Municipality, Alaska, 11260","Full-Service Restaurants , 722511",5900,0.0364
"Anchorage, AK Metro Area, Anchorage Municipality, Alaska, 11260","Facilities Support Services, 561210",5198,0.032
"Anchorage, AK Metro Area, Anchorage Municipality, Alaska, 11260","Warehouse Clubs and Supercenters , 452311",4918,0.0303
"Anchorage, AK Metro Area, Anchorage Municipality, Alaska, 11260","Limited-Service Restaurants , 722513",4635,0.0286
"Ann Arbor, MI Metro Area, Washtenaw County, Michigan, 11460","General Medical and Surgical Hospitals , 622110",28776,0.1949
"Ann Arbor, MI Metro Area, Washtenaw County, Michigan, 11460","Full-Service Restaurants , 722511",6853,0.0464
"Ann Arbor, MI Metro Area, Washtenaw County, Michigan, 11460","Limited-Service Restaurants , 722513",5245,0.0355
"Ann Arbor, MI Metro Area, Washtenaw County, Michigan, 11460","Offices of Physicians (except Mental Health Specialists) , 621111",4954,0.0335
"Ann Arbor, MI Metro Area, Washtenaw County, Michigan, 11460","Corporate, Subsidiary, and Regional Managing Offices , 551114",3565,0.0241
"Appleton, WI Metro Area, Calumet County, Wisconsin, 11540","Full-Service Restaurants , 722511",4376,0.0429
"Appleton, WI Metro Area, Calumet County, Wisconsin, 11540","Corporate, Subsidiary, and Regional Managing Offices , 551114",4116,0.0403
"Appleton, WI Metro Area, Calumet County, Wisconsin, 11540","Limited-Service Restaurants , 722513",3193,0.0313
"Appleton, WI Metro Area, Calumet County, Wisconsin, 11540","General Medical and Surgical Hospitals , 622110",2771,0.0271
"Appleton, WI Metro Area, Calumet County, Wisconsin, 11540","Direct Life Insurance Carriers , 524113",2554,0.025
"Atlanta-Sandy Springs-Roswell, GA Metro Area, Barrow County, Georgia, 12060","Full-Service Restaurants , 722511",111102,0.0414
"Atlanta-Sandy Springs-Roswell, GA Metro Area, Barrow County, Georgia, 12060","Corporate, Subsidiary, and Regional Managing Offices , 551114",106256,0.0396
"Atlanta-Sandy Springs-Roswell, GA Metro Area, Barrow County, Georgia, 12060","Limited-Service Restaurants , 722513",106071,0.0395
"Atlanta-Sandy Springs-Roswell, GA Metro Area, Barrow County, Georgia, 12060","General Medical and Surgical Hospitals , 622110",86661,0.0323
"Atlanta-Sandy Springs-Roswell, GA Metro Area, Barrow County, Georgia, 12060","Offices of Physicians (except Mental Health Specialists) , 621111",62808,0.0234
"Austin-Round Rock-San Marcos, TX Metro Area, Bastrop County, Texas, 12420","Full-Service Restaurants , 722511",47560,0.046
"Austin-Round Rock-San Marcos, TX Metro Area, Bastrop County, Texas, 12420","Limited-Service Restaurants , 722513",44562,0.0431
"Austin-Round Rock-San Marcos, TX Metro Area, Bastrop County, Texas, 12420","Software Publishers, 511210",30603,0.0296
"Austin-Round Rock-San Marcos, TX Metro Area, Bastrop County, Texas, 12420","Custom Computer Programming Services , 541511",28216,0.0273
"Austin-Round Rock-San Marcos, TX Metro Area, Bastrop County, Texas, 12420","Supermarkets and Other Grocery (except Convenience) Stores , 445110",26735,0.0259
"Baltimore-Columbia-Towson, MD Metro Area, Anne Arundel County, Maryland, 12580","General Medical and Surgical Hospitals , 622110",66104,0.0548
"Baltimore-Columbia-Towson, MD Metro Area, Anne Arundel County, Maryland, 12580","Full-Service Restaurants , 722511",47025,0.039
"Baltimore-Columbia-Towson, MD Metro Area, Anne Arundel County, Maryland, 12580","Limited-Service Restaurants , 722513",41793,0.0347
"Baltimore-Columbia-Towson, MD Metro Area, Anne Arundel County, Maryland, 12580","Colleges, Universities, and Professional Schools , 611310",39427,0.0327
"Baltimore-Columbia-Towson, MD Metro Area, Anne Arundel County, Maryland, 12580","Corporate, Subsidiary, and Regional Managing Offices , 551114",37240,0.0309
"Barnstable Town, MA Metro Area, Barnstable County, Massachusetts, 12700","Full-Service Restaurants , 722511",5822,0.0817
"Barnstable Town, MA Metro Area, Barnstable County, Massachusetts, 12700","Supermarkets and Other Grocery (except Convenience) Stores , 445110",3965,0.0557
"Barnstable Town, MA Metro Area, Barnstable County, Massachusetts, 12700","Landscaping Services, 561730",2236,0.0314
"Barnstable Town, MA Metro Area, Barnstable County, Massachusetts, 12700","Limited-Service Restaurants , 722513",2041,0.0286
"Barnstable Town, MA Metro Area, Barnstable County, Massachusetts, 12700","Offices of Physicians (except Mental Health Specialists) , 621111",1671,0.0235
"Baton Rouge, LA Metro Area, Ascension Parish, Louisiana, 12940","Oil and Gas Pipeline and Related Structures Construction , 237120",25616,0.0749
"Baton Rouge, LA Metro Area, Ascension Parish, Louisiana, 12940","Limited-Service Restaurants , 722513",13982,0.0409
"Baton Rouge, LA Metro Area, Ascension Parish, Louisiana, 12940","Full-Service Restaurants , 722511",13489,0.0395
"Baton Rouge, LA Metro Area, Ascension Parish, Louisiana, 12940","General Medical and Surgical Hospitals , 622110",9622,0.0282
"Baton Rouge, LA Metro Area, Ascension Parish, Louisiana, 12940","Offices of Physicians (except Mental Health Specialists) , 621111",7572,0.0222
"Beaumont-Port Arthur, TX Metro Area, Hardin County, Texas, 13140","Full-Service Restaurants , 722511",6010,0.0475
"Beaumont-Port Arthur, TX Metro Area, Hardin County, Texas, 13140","Limited-Service Restaurants , 722513",5714,0.0452
"Beaumont-Port Arthur, TX Metro Area, Hardin County, Texas, 13140","Petroleum Refineries, 324110",5334,0.0422
"Beaumont-Port Arthur, TX Metro Area, Hardin County, Texas, 13140","General Medical and Surgical Hospitals , 622110",4268,0.0337
"Beaumont-Port Arthur, TX Metro Area, Hardin County, Texas, 13140","Supermarkets and Other Grocery (except Convenience) Stores , 445110",3528,0.0279
"Bellingham, WA Metro Area, Whatcom County, Washington, 13380","Full-Service Restaurants , 722511",3579,0.0515
"Bellingham, WA Metro Area, Whatcom County, Washington, 13380","Limited-Service Restaurants , 722513",2394,0.0345
"Bellingham, WA Metro Area, Whatcom County, Washington, 13380","Supermarkets and Other Grocery (except Convenience) Stores , 445110",2020,0.0291
"Bellingham, WA Metro Area, Whatcom County, Washington, 13380","Offices of Physicians (except Mental Health Specialists) , 621111",1947,0.028
"Bellingham, WA Metro Area, Whatcom County, Washington, 13380","Offices of Real Estate Agents and Brokers, 531210",1757,0.0253
"Bend, OR Metro Area, Crook County, Oregon, 13460","Full-Service Restaurants , 722511",4632,0.0557
"Bend, OR Metro Area, Crook County, Oregon, 13460","General Medical and Surgical Hospitals , 622110",3646,0.0438
"Bend, OR Metro Area, Crook County, Oregon, 13460","Limited-Service Restaurants , 722513",3563,0.0428
"Bend, OR Metro Area, Crook County, Oregon, 13460","Hotels (except Casino Hotels) and Motels , 721110",2757,0.0332
"Bend, OR Metro Area, Crook County, Oregon, 13460","Supermarkets and Other Grocery (except Convenience) Stores , 445110",2299,0.0276
"Billings, MT Metro Area, Carbon County, Montana, 13740","Offices of Physicians (except Mental Health Specialists) , 621111",4134,0.0548
"Billings, MT Metro Area, Carbon County, Montana, 13740","Full-Service Restaurants , 722511",3772,0.05
"Billings, MT Metro Area, Carbon County, Montana, 13740","General Medical and Surgical Hospitals , 622110",3733,0.0495
"Billings, MT Metro Area, Carbon County, Montana, 13740","Limited-Service Restaurants , 722513",3479,0.0461
"Billings, MT Metro Area, Carbon County, Montana, 13740","Commercial Banking , 522110",2014,0.0267
"Birmingham, AL Metro Area, Bibb County, Alabama, 13820","General Medical and Surgical Hospitals , 622110",28997,0.0618
"Birmingham, AL Metro Area, Bibb County, Alabama, 13820","Limited-Service Restaurants , 722513",22326,0.0476
"Birmingham, AL Metro Area, Bibb County, Alabama, 13820","Commercial Banking , 522110",16061,0.0342
"Birmingham, AL Metro Area, Bibb County, Alabama, 13820","Full-Service Restaurants , 722511",14979,0.0319
"Birmingham, AL Metro Area, Bibb County, Alabama, 13820","Corporate, Subsidiary, and Regional Managing Offices , 551114",13102,0.0279
"Bloomington, IL Metro Area, McLean County, Illinois, 14010","Direct Property and Casualty Insurance Carriers , 524126",16178,0.2539
"Bloomington, IL Metro Area, McLean County, Illinois, 14010","Limited-Service Restaurants , 722513",3438,0.054
"Bloomington, IL Metro Area, McLean County, Illinois, 14010","Full-Service Restaurants , 722511",2742,0.043
"Bloomington, IL Metro Area, McLean County, Illinois, 14010","General Medical and Surgical Hospitals , 622110",2086,0.0327
"Bloomington, IL Metro Area, McLean County, Illinois, 14010","Offices of Physicians (except Mental Health Specialists) , 621111",1665,0.0261
"Boise City, ID Metro Area, Ada County, Idaho, 14260","General Medical and Surgical Hospitals , 622110",13332,0.0427
"Boise City, ID Metro Area, Ada County, Idaho, 14260","Limited-Service Restaurants , 722513",13250,0.0424
"Boise City, ID Metro Area, Ada County, Idaho, 14260","Full-Service Restaurants , 722511",11825,0.0378
"Boise City, ID Metro Area, Ada County, Idaho, 14260","Corporate, Subsidiary, and Regional Managing Offices , 551114",9229,0.0295
"Boise City, ID Metro Area, Ada County, Idaho, 14260","Software Publishers, 511210",7406,0.0237
"Boston-Cambridge-Newton, MA-NH Metro Area, Essex County, Massachusetts, 14460","General Medical and Surgical Hospitals , 622110",140466,0.0527
"Boston-Cambridge-Newton, MA-NH Metro Area, Essex County, Massachusetts, 14460","Colleges, Universities, and Professional Schools , 611310",135846,0.0509
"Boston-Cambridge-Newton, MA-NH Metro Area, Essex County, Massachusetts, 14460","Full-Service Restaurants , 722511",104689,0.0392
"Boston-Cambridge-Newton, MA-NH Metro Area, Essex County, Massachusetts, 14460","Corporate, Subsidiary, and Regional Managing Offices , 551114",99050,0.0371
"Boston-Cambridge-Newton, MA-NH Metro Area, Essex County, Massachusetts, 14460","Supermarkets and Other Grocery (except Convenience) Stores , 445110",64770,0.0243
"Boulder, CO Metro Area, Boulder County, Colorado, 14500","Full-Service Restaurants , 722511",8000,0.0531
"Boulder, CO Metro Area, Boulder County, Colorado, 14500","Limited-Service Restaurants , 722513",5215,0.0346
"Boulder, CO Metro Area, Boulder County, Colorado, 14500","General Medical and Surgical Hospitals , 622110",4986,0.0331
"Boulder, CO Metro Area, Boulder County, Colorado, 14500","Research and Development in the Physical, Engineering, and Life Sciences (except Nanotechnology and Biotechnology) , 541715",4746,0.0315
"Boulder, CO Metro Area, Boulder County, Colorado, 14500","Software Publishers, 511210",4561,0.0303
"Bozeman, MT Metro Area, Gallatin County, Montana, 14580","Full-Service Restaurants , 722511",3843,0.0734
"Bozeman, MT Metro Area, Gallatin County, Montana, 14580","Limited-Service Restaurants , 722513",1965,0.0375
"Bozeman, MT Metro Area, Gallatin County, Montana, 14580","Hotels (except Casino Hotels) and Motels , 721110",1730,0.033
"Bozeman, MT Metro Area, Gallatin County, Montana, 14580","Supermarkets and Other Grocery (except Convenience) Stores , 445110",1634,0.0312
"Bozeman, MT Metro Area, Gallatin County, Montana, 14580","New Single-Family Housing Construction (except For-Sale Builders) , 236115",1207,0.0231
"Bridgeport-Stamford-Danbury, CT Metro Area, Greater Bridgeport Planning Region, Connecticut, 14860","General Medical and Surgical Hospitals , 622110",18181,0.047
"Bridgeport-Stamford-Danbury, CT Metro Area, Greater Bridgeport Planning Region, Connecticut, 14860","Full-Service Restaurants , 722511",16364,0.0423
"Bridgeport-Stamford-Danbury, CT Metro Area, Greater Bridgeport Planning Region, Connecticut, 14860","Corporate, Subsidiary, and Regional Managing Offices , 551114",12616,0.0326
"Bridgeport-Stamford-Danbury, CT Metro Area, Greater Bridgeport Planning Region, Connecticut, 14860","Offices of Physicians (except Mental Health Specialists) , 621111",11781,0.0305
"Bridgeport-Stamford-Danbury, CT Metro Area, Greater Bridgeport Planning Region, Connecticut, 14860","Supermarkets and Other Grocery (except Convenience) Stores , 445110",10084,0.0261
"Buffalo-Cheektowaga, NY Metro Area, Erie County, New York, 15380","General Medical and Surgical Hospitals , 622110",19290,0.0423
"Buffalo-Cheektowaga, NY Metro Area, Erie County, New York, 15380","Full-Service Restaurants , 722511",19143,0.042
"Buffalo-Cheektowaga, NY Metro Area, Erie County, New York, 15380","Limited-Service Restaurants , 722513",16594,0.0364
"Buffalo-Cheektowaga, NY Metro Area, Erie County, New York, 15380","Corporate, Subsidiary, and Regional Managing Offices , 551114",15155,0.0332
"Buffalo-Cheektowaga, NY Metro Area, Erie County, New York, 15380","Commercial Banking , 522110",13211,0.029
"Burlington-South Burlington, VT Metro Area, Chittenden County, Vermont, 15540","Full-Service Restaurants , 722511",3822,0.0433
"Burlington-South Burlington, VT Metro Area, Chittenden County, Vermont, 15540","Supermarkets and Other Grocery (except Convenience) Stores , 445110",3444,0.0391
"Burlington-South Burlington, VT Metro Area, Chittenden County, Vermont, 15540","Offices of Physicians (except Mental Health Specialists) , 621111",3254,0.0369
"Burlington-South Burlington, VT Metro Area, Chittenden County, Vermont, 15540","Limited-Service Restaurants , 722513",2204,0.025
"Burlington-South Burlington, VT Metro Area, Chittenden County, Vermont, 15540","Colleges, Universities, and Professional Schools , 611310",2202,0.025
"Canton-Massillon, OH Metro Area, Carroll County, Ohio, 15940","Limited-Service Restaurants , 722513",7232,0.0544
"Canton-Massillon, OH Metro Area, Carroll County, Ohio, 15940","General Medical and Surgical Hospitals , 622110",7221,0.0543
"Canton-Massillon, OH Metro Area, Carroll County, Ohio, 15940","Full-Service Restaurants , 722511",6421,0.0483
"Canton-Massillon, OH Metro Area, Carroll County, Ohio, 15940","Offices of Physicians (except Mental Health Specialists) , 621111",3681,0.0277
"Canton-Massillon, OH Metro Area, Carroll County, Ohio, 15940","Corporate, Subsidiary, and Regional Managing Offices , 551114",3439,0.0259
"Champaign-Urbana, IL Metro Area, Champaign County, Illinois, 16580","General Medical and Surgical Hospitals , 622110",8403,0.1182
"Champaign-Urbana, IL Metro Area, Champaign County, Illinois, 16580","Limited-Service Restaurants , 722513",4158,0.0585
"Champaign-Urbana, IL Metro Area, Champaign County, Illinois, 16580","Full-Service Restaurants , 722511",3511,0.0494
"Champaign-Urbana, IL Metro Area, Champaign County, Illinois, 16580","Offices of Physicians (except Mental Health Specialists) , 621111",2851,0.0401
"Champaign-Urbana, IL Metro Area, Champaign County, Illinois, 16580","Warehouse Clubs and Supercenters , 452311",2254,0.0317
"Charleston, WV Metro Area, Boone County, West Virginia, 16620","General Medical and Surgical Hospitals , 622110",9488,0.1282
"Charleston, WV Metro Area, Boone County, West Virginia, 16620","Limited-Service Restaurants , 722513",3848,0.052
"Charleston, WV Metro Area, Boone County, West Virginia, 16620","Full-Service Restaurants , 722511",3111,0.042
"Charleston, WV Metro Area, Boone County, West Virginia, 16620","Services for the Elderly and Persons with Disabilities , 624120",1895,0.0256
"Charleston, WV Metro Area, Boone County, West Virginia, 16620","Bituminous Coal Underground Mining , 212112",1553,0.021
"Charlotte-Concord-Gastonia, NC-SC Metro Area, Anson County, North Carolina, 16740","Commercial Banking , 522110",58287,0.0478
"Charlotte-Concord-Gastonia, NC-SC Metro Area, Anson County, North Carolina, 16740","Corporate, Subsidiary, and Regional Managing Offices , 551114",53944,0.0442
"Charlotte-Concord-Gastonia, NC-SC Metro Area, Anson County, North Carolina, 16740","Full-Service Restaurants , 722511",49186,0.0403
"Charlotte-Concord-Gastonia, NC-SC Metro Area, Anson County, North Carolina, 16740","Limited-Service Restaurants , 722513",46224,0.0379
"Charlotte-Concord-Gastonia, NC-SC Metro Area, Anson County, North Carolina, 16740","General Medical and Surgical Hospitals , 622110",38999,0.032
"Charlottesville, VA Metro Area, Albemarle County, Virginia, 16820","Full-Service Restaurants , 722511",4276,0.0581
"Charlottesville, VA Metro Area, Albemarle County, Virginia, 16820","Limited-Service Restaurants , 722513",3253,0.0442
"Charlottesville, VA Metro Area, Albemarle County, Virginia, 16820","Hotels (except Casino Hotels) and Motels , 721110",3103,0.0422
"Charlottesville, VA Metro Area, Albemarle County, Virginia, 16820","Supermarkets and Other Grocery (except Convenience) Stores , 445110",2574,0.035
"Charlottesville, VA Metro Area, Albemarle County, Virginia, 16820","Offices of Physicians (except Mental Health Specialists) , 621111",1392,0.0189
"Chicago-Naperville-Elgin, IL-IN Metro Area, Cook County, Illinois, 16980","Corporate, Subsidiary, and Regional Managing Offices , 551114",170847,0.0399
"Chicago-Naperville-Elgin, IL-IN Metro Area, Cook County, Illinois, 16980","General Medical and Surgical Hospitals , 622110",159303,0.0372
"Chicago-Naperville-Elgin, IL-IN Metro Area, Cook County, Illinois, 16980","Full-Service Restaurants , 722511",149532,0.0349
"Chicago-Naperville-Elgin, IL-IN Metro Area, Cook County, Illinois, 16980","Limited-Service Restaurants , 722513",139869,0.0327
"Chicago-Naperville-Elgin, IL-IN Metro Area, Cook County, Illinois, 16980","Colleges, Universities, and Professional Schools , 611310",82252,0.0192
"Cincinnati, OH-KY-IN Metro Area, Dearborn County, Indiana, 17140","Corporate, Subsidiary, and Regional Managing Offices , 551114",70913,0.0702
"Cincinnati, OH-KY-IN Metro Area, Dearborn County, Indiana, 17140","General Medical and Surgical Hospitals , 622110",50303,0.0498
"Cincinnati, OH-KY-IN Metro Area, Dearborn County, Indiana, 17140","Full-Service Restaurants , 722511",43114,0.0427
"Cincinnati, OH-KY-IN Metro Area, Dearborn County, Indiana, 17140","Limited-Service Restaurants , 722513",39771,0.0394
"Cincinnati, OH-KY-IN Metro Area, Dearborn County, Indiana, 17140","Temporary Help Services, 561320",24006,0.0238
"Cleveland, OH Metro Area, Ashtabula County, Ohio, 17410","General Medical and Surgical Hospitals , 622110",78750,0.0829
"Cleveland, OH Metro Area, Ashtabula County, Ohio, 17410","Corporate, Subsidiary, and Regional Managing Offices , 551114",35894,0.0378
"Cleveland, OH Metro Area, Ashtabula County, Ohio, 17410","Full-Service Restaurants , 722511",35227,0.0371
"Cleveland, OH Metro Area, Ashtabula County, Ohio, 17410","Limited-Service Restaurants , 722513",33530,0.0353
"Cleveland, OH Metro Area, Ashtabula County, Ohio, 17410","Offices of Physicians (except Mental Health Specialists) , 621111",22511,0.0237
"Columbus, OH Metro Area, Delaware County, Ohio, 18140","General Warehousing and Storage , 493110",52754,0.0545
"Columbus, OH Metro Area, Delaware County, Ohio, 18140","General Medical and Surgical Hospitals , 622110",44490,0.046
"Columbus, OH Metro Area, Delaware County, Ohio, 18140","Limited-Service Restaurants , 722513",39789,0.0411
"Columbus, OH Metro Area, Delaware County, Ohio, 18140","Full-Service Restaurants , 722511",37471,0.0387
"Columbus, OH Metro Area, Delaware County, Ohio, 18140","Corporate, Subsidiary, and Regional Managing Offices , 551114",34521,0.0357
"Concord, NH Micro Area, Merrimack County, New Hampshire, 18180","General Medical and Surgical Hospitals , 622110",2548,0.0473
"Concord, NH Micro Area, Merrimack County, New Hampshire, 18180","Full-Service Restaurants , 722511",2444,0.0454
"Concord, NH Micro Area, Merrimack County, New Hampshire, 18180","Supermarkets and Other Grocery (except Convenience) Stores , 445110",2242,0.0416
"Concord, NH Micro Area, Merrimack County, New Hampshire, 18180","Limited-Service Restaurants , 722513",1699,0.0315
"Concord, NH Micro Area, Merrimack County, New Hampshire, 18180","Services for the Elderly and Persons with Disabilities , 624120",1535,0.0285
"Dallas-Fort Worth-Arlington, TX Metro Area, Collin County, Texas, 19100","Limited-Service Restaurants , 722513",152830,0.0427
"Dallas-Fort Worth-Arlington, TX Metro Area, Collin County, Texas, 19100","Corporate, Subsidiary, and Regional Managing Offices , 551114",144524,0.0404
"Dallas-Fort Worth-Arlington, TX Metro Area, Collin County, Texas, 19100","Full-Service Restaurants , 722511",136247,0.0381
"Dallas-Fort Worth-Arlington, TX Metro Area, Collin County, Texas, 19100","General Medical and Surgical Hospitals , 622110",106662,0.0298
"Dallas-Fort Worth-Arlington, TX Metro Area, Collin County, Texas, 19100","Temporary Help Services, 561320",66516,0.0186
"Dalton, GA Metro Area, Murray County, Georgia, 19140","Carpet and Rug Mills, 314110",12573,0.2352
"Dalton, GA Metro Area, Murray County, Georgia, 19140","Home Furnishing Merchant Wholesalers , 423220",2973,0.0556
"Dalton, GA Metro Area, Murray County, Georgia, 19140","General Freight Trucking, Long-Distance, Truckload , 484121",2778,0.052
"Dalton, GA Metro Area, Murray County, Georgia, 19140","Limited-Service Restaurants , 722513",2662,0.0498
"Dalton, GA Metro Area, Murray County, Georgia, 19140","Corporate, Subsidiary, and Regional Managing Offices , 551114",2446,0.0458
"Davenport-Moline-Rock Island, IA-IL Metro Area, Henry County, Illinois, 19340","Corporate, Subsidiary, and Regional Managing Offices , 551114",8155,0.0535
"Davenport-Moline-Rock Island, IA-IL Metro Area, Henry County, Illinois, 19340","General Medical and Surgical Hospitals , 622110",6540,0.0429
"Davenport-Moline-Rock Island, IA-IL Metro Area, Henry County, Illinois, 19340","Limited-Service Restaurants , 722513",6462,0.0424
"Davenport-Moline-Rock Island, IA-IL Metro Area, Henry County, Illinois, 19340","Full-Service Restaurants , 722511",5605,0.0367
"Davenport-Moline-Rock Island, IA-IL Metro Area, Henry County, Illinois, 19340","Supermarkets and Other Grocery (except Convenience) Stores , 445110",4709,0.0309
"Dayton-Kettering-Beavercreek, OH Metro Area, Greene County, Ohio, 19430","General Medical and Surgical Hospitals , 622110",22679,0.0719
"Dayton-Kettering-Beavercreek, OH Metro Area, Greene County, Ohio, 19430","Limited-Service Restaurants , 722513",15471,0.0491
"Dayton-Kettering-Beavercreek, OH Metro Area, Greene County, Ohio, 19430","Full-Service Restaurants , 722511",13377,0.0424
"Dayton-Kettering-Beavercreek, OH Metro Area, Greene County, Ohio, 19430","Colleges, Universities, and Professional Schools , 611310",9266,0.0294
"Dayton-Kettering-Beavercreek, OH Metro Area, Greene County, Ohio, 19430","Offices of Physicians (except Mental Health Specialists) , 621111",8387,0.0266
"Denver-Aurora-Centennial, CO Metro Area, Adams County, Colorado, 19740","Full-Service Restaurants , 722511",55606,0.0395
"Denver-Aurora-Centennial, CO Metro Area, Adams County, Colorado, 19740","Corporate, Subsidiary, and Regional Managing Offices , 551114",54050,0.0384
"Denver-Aurora-Centennial, CO Metro Area, Adams County, Colorado, 19740","Limited-Service Restaurants , 722513",51122,0.0363
"Denver-Aurora-Centennial, CO Metro Area, Adams County, Colorado, 19740","General Medical and Surgical Hospitals , 622110",45503,0.0324
"Denver-Aurora-Centennial, CO Metro Area, Adams County, Colorado, 19740","Engineering Services, 541330",25949,0.0184
"Des Moines-West Des Moines, IA Metro Area, Dallas County, Iowa, 19780","Commercial Banking , 522110",22913,0.0645
"Des Moines-West Des Moines, IA Metro Area, Dallas County, Iowa, 19780","Supermarkets and Other Grocery (except Convenience) Stores , 445110",12609,0.0355
"Des Moines-West Des Moines, IA Metro Area, Dallas County, Iowa, 19780","Direct Life Insurance Carriers , 524113",12429,0.035
"Des Moines-West Des Moines, IA Metro Area, Dallas County, Iowa, 19780","Corporate, Subsidiary, and Regional Managing Offices , 551114",11980,0.0337
"Des Moines-West Des Moines, IA Metro Area, Dallas County, Iowa, 19780","Full-Service Restaurants , 722511",11950,0.0336
"Detroit-Warren-Dearborn, MI Metro Area, Lapeer County, Michigan, 19820","General Medical and Surgical Hospitals , 622110",74606,0.0405
"Detroit-Warren-Dearborn, MI Metro Area, Lapeer County, Michigan, 19820","Corporate, Subsidiary, and Regional Managing Offices , 551114",66308,0.036
"Detroit-Warren-Dearborn, MI Metro Area, Lapeer County, Michigan, 19820","Full-Service Restaurants , 722511",65669,0.0357
"Detroit-Warren-Dearborn, MI Metro Area, Lapeer County, Michigan, 19820","Limited-Service Restaurants , 722513",63821,0.0347
"Detroit-Warren-Dearborn, MI Metro Area, Lapeer County, Michigan, 19820","Engineering Services, 541330",61375,0.0334
"Durham-Chapel Hill, NC Metro Area, Chatham County, North Carolina, 20500","General Medical and Surgical Hospitals , 622110",30349,0.1037
"Durham-Chapel Hill, NC Metro Area, Chatham County, North Carolina, 20500","Colleges, Universities, and Professional Schools , 611310",20184,0.069
"Durham-Chapel Hill, NC Metro Area, Chatham County, North Carolina, 20500","Research and Development in the Physical, Engineering, and Life Sciences (except Nanotechnology and Biotechnology) , 541715",13569,0.0464
"Durham-Chapel Hill, NC Metro Area, Chatham County, North Carolina, 20500","Limited-Service Restaurants , 722513",9911,0.0339
"Durham-Chapel Hill, NC Metro Area, Chatham County, North Carolina, 20500","Full-Service Restaurants , 722511",8844,0.0302
"Eau Claire, WI Metro Area, Chippewa County, Wisconsin, 20740","General Medical and Surgical Hospitals , 622110",4008,0.0602
"Eau Claire, WI Metro Area, Chippewa County, Wisconsin, 20740","Offices of Physicians (except Mental Health Specialists) , 621111",3504,0.0526
"Eau Claire, WI Metro Area, Chippewa County, Wisconsin, 20740","Full-Service Restaurants , 722511",2619,0.0393
"Eau Claire, WI Metro Area, Chippewa County, Wisconsin, 20740","Limited-Service Restaurants , 722513",2266,0.034
"Eau Claire, WI Metro Area, Chippewa County, Wisconsin, 20740","General Warehousing and Storage , 493110",1690,0.0254
"Elkhart-Goshen, IN Metro Area, Elkhart County, Indiana, 21140","Travel Trailer and Camper Manufacturing , 336214",27033,0.218
"Elkhart-Goshen, IN Metro Area, Elkhart County, Indiana, 21140","Motor Home Manufacturing , 336213",5343,0.0431
"Elkhart-Goshen, IN Metro Area, Elkhart County, Indiana, 21140","Motor Vehicle Body Manufacturing , 336211",3391,0.0273
"Elkhart-Goshen, IN Metro Area, Elkhart County, Indiana, 21140","All Other Plastics Product Manufacturing , 326199",3206,0.0259
"Elkhart-Goshen, IN Metro Area, Elkhart County, Indiana, 21140","Boat Building , 336612",3176,0.0256
"Erie, PA Metro Area, Erie County, Pennsylvania, 21500","General Medical and Surgical Hospitals , 622110",6614,0.0636
"Erie, PA Metro Area, Erie County, Pennsylvania, 21500","Services for the Elderly and Persons with Disabilities , 624120",5222,0.0502
"Erie, PA Metro Area, Erie County, Pennsylvania, 21500","Railroad Rolling Stock Manufacturing, 336510",4568,0.0439
"Erie, PA Metro Area, Erie County, Pennsylvania, 21500","Offices of Physicians (except Mental Health Specialists) , 621111",4116,0.0396
"Erie, PA Metro Area, Erie County, Pennsylvania, 21500","Limited-Service Restaurants , 722513",4075,0.0392
"Fargo, ND-MN Metro Area, Clay County, Minnesota, 22020","General Medical and Surgical Hospitals , 622110",8754,0.0722
"Fargo, ND-MN Metro Area, Clay County, Minnesota, 22020","Full-Service Restaurants , 722511",4243,0.035
"Fargo, ND-MN Metro Area, Clay County, Minnesota, 22020","Limited-Service Restaurants , 722513",3582,0.0296
"Fargo, ND-MN Metro Area, Clay County, Minnesota, 22020","Corporate, Subsidiary, and Regional Managing Offices , 551114",3463,0.0286
"Fargo, ND-MN Metro Area, Clay County, Minnesota, 22020","Offices of Physicians (except Mental Health Specialists) , 621111",3018,0.0249
"Fayetteville-Springdale-Rogers, AR Metro Area, Benton County, Arkansas, 22220","Corporate, Subsidiary, and Regional Managing Offices , 551114",27245,0.1181
"Fayetteville-Springdale-Rogers, AR Metro Area, Benton County, Arkansas, 22220","General Freight Trucking, Long-Distance, Truckload , 484121",13597,0.0589
"Fayetteville-Springdale-Rogers, AR Metro Area, Benton County, Arkansas, 22220","Limited-Service Restaurants , 722513",10616,0.046
"Fayetteville-Springdale-Rogers, AR Metro Area, Benton County, Arkansas, 22220","Full-Service Restaurants , 722511",9603,0.0416
"Fayetteville-Springdale-Rogers, AR Metro Area, Benton County, Arkansas, 22220","Poultry Processing , 311615",7536,0.0327
"Fort Collins-Loveland, CO Metro Area, Larimer County, Colorado, 22660","Full-Service Restaurants , 722511",7337,0.0555
"Fort Collins-Loveland, CO Metro Area, Larimer County, Colorado, 22660","Limited-Service Restaurants , 722513",6874,0.052
"Fort Collins-Loveland, CO Metro Area, Larimer County, Colorado, 22660","General Medical and Surgical Hospitals , 622110",4101,0.031
"Fort Collins-Loveland, CO Metro Area, Larimer County, Colorado, 22660","Warehouse Clubs and Supercenters , 452311",2945,0.0223
"Fort Collins-Loveland, CO Metro Area, Larimer County, Colorado, 22660","Offices of Physicians (except Mental Health Specialists) , 621111",2683,0.0203
"Fort Wayne, IN Metro Area, Allen County, Indiana, 23060","General Medical and Surgical Hospitals , 622110",11469,0.0592
"Fort Wayne, IN Metro Area, Allen County, Indiana, 23060","Limited-Service Restaurants , 722513",8260,0.0427
"Fort Wayne, IN Metro Area, Allen County, Indiana, 23060","Offices of Physicians (except Mental Health Specialists) , 621111",7934,0.041
"Fort Wayne, IN Metro Area, Allen County, Indiana, 23060","Full-Service Restaurants , 722511",7838,0.0405
"Fort Wayne, IN Metro Area, Allen County, Indiana, 23060","Religious Organizations , 813110",5276,0.0273
"Gainesville, GA Metro Area, Hall County, Georgia, 23580","Poultry Processing , 311615",6977,0.1031
"Gainesville, GA Metro Area, Hall County, Georgia, 23580","Offices of Physicians (except Mental Health Specialists) , 621111",3703,0.0547
"Gainesville, GA Metro Area, Hall County, Georgia, 23580","Limited-Service Restaurants , 722513",3355,0.0496
"Gainesville, GA Metro Area, Hall County, Georgia, 23580","Temporary Help Services, 561320",3025,0.0447
"Gainesville, GA Metro Area, Hall County, Georgia, 23580","Full-Service Restaurants , 722511",2709,0.04
"Grand Junction, CO Metro Area, Mesa County, Colorado, 24300","General Medical and Surgical Hospitals , 622110",4305,0.0829
"Grand Junction, CO Metro Area, Mesa County, Colorado, 24300","Full-Service Restaurants , 722511",2531,0.0488
"Grand Junction, CO Metro Area, Mesa County, Colorado, 24300","Limited-Service Restaurants , 722513",2526,0.0487
"Grand Junction, CO Metro Area, Mesa County, Colorado, 24300","Home Health Care Services, 621610",1825,0.0352
"Grand Junction, CO Metro Area, Mesa County, Colorado, 24300","Offices of Physicians (except Mental Health Specialists) , 621111",1594,0.0307
"Grand Rapids-Wyoming-Kentwood, MI Metro Area, Barry County, Michigan, 24340","Corporate, Subsidiary, and Regional Managing Offices , 551114",18826,0.0363
"Grand Rapids-Wyoming-Kentwood, MI Metro Area, Barry County, Michigan, 24340","Full-Service Restaurants , 722511",18406,0.0355
"Grand Rapids-Wyoming-Kentwood, MI Metro Area, Barry County, Michigan, 24340","General Medical and Surgical Hospitals , 622110",16702,0.0322
"Grand Rapids-Wyoming-Kentwood, MI Metro Area, Barry County, Michigan, 24340","Limited-Service Restaurants , 722513",16627,0.0321
"Grand Rapids-Wyoming-Kentwood, MI Metro Area, Barry County, Michigan, 24340","Offices of Physicians (except Mental Health Specialists) , 621111",12707,0.0245
"Greeley, CO Metro Area, Weld County, Colorado, 24540","Commercial and Institutional Building Construction , 236220",5248,0.0554
"Greeley, CO Metro Area, Weld County, Colorado, 24540","Animal (except Poultry) Slaughtering , 311611",4498,0.0475
"Greeley, CO Metro Area, Weld County, Colorado, 24540","Limited-Service Restaurants , 722513",4380,0.0462
"Greeley, CO Metro Area, Weld County, Colorado, 24540","Full-Service Restaurants , 722511",3226,0.0341
"Greeley, CO Metro Area, Weld County, Colorado, 24540","Support Activities for Oil and Gas Operations , 213112",2985,0.0315
"Green Bay, WI Metro Area, Brown County, Wisconsin, 24580","General Medical and Surgical Hospitals , 622110",6486,0.0449
"Green Bay, WI Metro Area, Brown County, Wisconsin, 24580","Full-Service Restaurants , 722511",5288,0.0366
"Green Bay, WI Metro Area, Brown County, Wisconsin, 24580","General Freight Trucking, Long-Distance, Truckload , 484121",5013,0.0347
"Green Bay, WI Metro Area, Brown County, Wisconsin, 24580","Corporate, Subsidiary, and Regional Managing Offices , 551114",4691,0.0325
"Green Bay, WI Metro Area, Brown County, Wisconsin, 24580","Limited-Service Restaurants , 722513",4320,0.0299
"Greensboro-High Point, NC Metro Area, Guilford County, North Carolina, 24660","Limited-Service Restaurants , 722513",14230,0.0457
"Greensboro-High Point, NC Metro Area, Guilford County, North Carolina, 24660","Full-Service Restaurants , 722511",12434,0.0399
"Greensboro-High Point, NC Metro Area, Guilford County, North Carolina, 24660","Corporate, Subsidiary, and Regional Managing Offices , 551114",11499,0.0369
"Greensboro-High Point, NC Metro Area, Guilford County, North Carolina, 24660","General Medical and Surgical Hospitals , 622110",10407,0.0334
"Greensboro-High Point, NC Metro Area, Guilford County, North Carolina, 24660","Temporary Help Services, 561320",8017,0.0258
"Greenville-Anderson-Greer, SC Metro Area, Anderson County, South Carolina, 24860","Full-Service Restaurants , 722511",16838,0.0463
"Greenville-Anderson-Greer, SC Metro Area, Anderson County, South Carolina, 24860","Limited-Service Restaurants , 722513",16661,0.0459
"Greenville-Anderson-Greer, SC Metro Area, Anderson County, South Carolina, 24860","General Medical and Surgical Hospitals , 622110",10903,0.03
"Greenville-Anderson-Greer, SC Metro Area, Anderson County, South Carolina, 24860","Corporate, Subsidiary, and Regional Managing Offices , 551114",10648,0.0293
"Greenville-Anderson-Greer, SC Metro Area, Anderson County, South Carolina, 24860","Supermarkets and Other Grocery (except Convenience) Stores , 445110",10461,0.0288
"Harrisburg-Carlisle, PA Metro Area, Cumberland County, Pennsylvania, 25420","Corporate, Subsidiary, and Regional Managing Offices , 551114",13489,0.0476
"Harrisburg-Carlisle, PA Metro Area, Cumberland County, Pennsylvania, 25420","General Medical and Surgical Hospitals , 622110",12589,0.0444
"Harrisburg-Carlisle, PA Metro Area, Cumberland County, Pennsylvania, 25420","Offices of Physicians (except Mental Health Specialists) , 621111",9511,0.0335
"Harrisburg-Carlisle, PA Metro Area, Cumberland County, Pennsylvania, 25420","Full-Service Restaurants , 722511",8692,0.0307
"Harrisburg-Carlisle, PA Metro Area, Cumberland County, Pennsylvania, 25420","General Warehousing and Storage , 493110",8265,0.0291
"Hartford-West Hartford-East Hartford, CT Metro Area, Capitol Planning Region, Connecticut, 25540","Direct Life Insurance Carriers , 524113",21772,0.0411
"Hartford-West Hartford-East Hartford, CT Metro Area, Capitol Planning Region, Connecticut, 25540","General Medical and Surgical Hospitals , 622110",20079,0.0379
"Hartford-West Hartford-East Hartford, CT Metro Area, Capitol Planning Region, Connecticut, 25540","Full-Service Restaurants , 722511",19450,0.0367
"Hartford-West Hartford-East Hartford, CT Metro Area, Capitol Planning Region, Connecticut, 25540","Aircraft Engine and Engine Parts Manufacturing , 336412",18102,0.0342
"Hartford-West Hartford-East Hartford, CT Metro Area, Capitol Planning Region, Connecticut, 25540","Offices of Physicians (except Mental Health Specialists) , 621111",16133,0.0305
"Hickory-Lenoir-Morganton, NC Metro Area, Alexander County, North Carolina, 25860","Upholstered Household Furniture Manufacturing , 337121",12928,0.1015
"Hickory-Lenoir-Morganton, NC Metro Area, Alexander County, North Carolina, 25860","Limited-Service Restaurants , 722513",6266,0.0492
"Hickory-Lenoir-Morganton, NC Metro Area, Alexander County, North Carolina, 25860","General Medical and Surgical Hospitals , 622110",5819,0.0457
"Hickory-Lenoir-Morganton, NC Metro Area, Alexander County, North Carolina, 25860","Full-Service Restaurants , 722511",5307,0.0417
"Hickory-Lenoir-Morganton, NC Metro Area, Alexander County, North Carolina, 25860","Offices of Physicians (except Mental Health Specialists) , 621111",4471,0.0351
"Hilo-Kailua, HI Micro Area, Hawaii County, Hawaii, 25900","Hotels (except Casino Hotels) and Motels , 721110",5790,0.1123
"Hilo-Kailua, HI Micro Area, Hawaii County, Hawaii, 25900","Full-Service Restaurants , 722511",3559,0.069
"Hilo-Kailua, HI Micro Area, Hawaii County, Hawaii, 25900","General Medical and Surgical Hospitals , 622110",2338,0.0453
"Hilo-Kailua, HI Micro Area, Hawaii County, Hawaii, 25900","Supermarkets and Other Grocery (except Convenience) Stores , 445110",2253,0.0437
"Hilo-Kailua, HI Micro Area, Hawaii County, Hawaii, 25900","Limited-Service Restaurants , 722513",2068,0.0401
"Houma-Bayou Cane-Thibodaux, LA Metro Area, Lafourche Parish, Louisiana, 26380","General Medical and Surgical Hospitals , 622110",4074,0.061
"Houma-Bayou Cane-Thibodaux, LA Metro Area, Lafourche Parish, Louisiana, 26380","Support Activities for Oil and Gas Operations , 213112",3022,0.0453
"Houma-Bayou Cane-Thibodaux, LA Metro Area, Lafourche Parish, Louisiana, 26380","Limited-Service Restaurants , 722513",2813,0.0422
"Houma-Bayou Cane-Thibodaux, LA Metro Area, Lafourche Parish, Louisiana, 26380","Full-Service Restaurants , 722511",2594,0.0389
"Houma-Bayou Cane-Thibodaux, LA Metro Area, Lafourche Parish, Louisiana, 26380","Coastal and Great Lakes Freight Transportation , 483113",2217,0.0332
"Houston-Pasadena-The Woodlands, TX Metro Area, Austin County, Texas, 26420","Full-Service Restaurants , 722511",133839,0.0468
"Houston-Pasadena-The Woodlands, TX Metro Area, Austin County, Texas, 26420","Limited-Service Restaurants , 722513",129426,0.0453
"Houston-Pasadena-The Woodlands, TX Metro Area, Austin County, Texas, 26420","Corporate, Subsidiary, and Regional Managing Offices , 551114",120471,0.0421
"Houston-Pasadena-The Woodlands, TX Metro Area, Austin County, Texas, 26420","General Medical and Surgical Hospitals , 622110",100786,0.0352
"Houston-Pasadena-The Woodlands, TX Metro Area, Austin County, Texas, 26420","Supermarkets and Other Grocery (except Convenience) Stores , 445110",64283,0.0225
"Huntsville, AL Metro Area, Limestone County, Alabama, 26620","Engineering Services, 541330",19000,0.0937
"Huntsville, AL Metro Area, Limestone County, Alabama, 26620","General Medical and Surgical Hospitals , 622110",13513,0.0667
"Huntsville, AL Metro Area, Limestone County, Alabama, 26620","Limited-Service Restaurants , 722513",9720,0.048
"Huntsville, AL Metro Area, Limestone County, Alabama, 26620","Research and Development in the Physical, Engineering, and Life Sciences (except Nanotechnology and Biotechnology) , 541715",9414,0.0464
"Huntsville, AL Metro Area, Limestone County, Alabama, 26620","Full-Service Restaurants , 722511",7782,0.0384
"Idaho Falls, ID Metro Area, Bonneville County, Idaho, 26820","Research and Development in Nanotechnology , 541713",5443,0.0864
"Idaho Falls, ID Metro Area, Bonneville County, Idaho, 26820","Engineering Services, 541330",2942,0.0467
"Idaho Falls, ID Metro Area, Bonneville County, Idaho, 26820","Limited-Service Restaurants , 722513",2768,0.0439
"Idaho Falls, ID Metro Area, Bonneville County, Idaho, 26820","General Medical and Surgical Hospitals , 622110",2538,0.0403
"Idaho Falls, ID Metro Area, Bonneville County, Idaho, 26820","Full-Service Restaurants , 722511",2287,0.0363
"Indianapolis-Carmel-Greenwood, IN Metro Area, Boone County, Indiana, 26900","General Medical and Surgical Hospitals , 622110",42836,0.0443
"Indianapolis-Carmel-Greenwood, IN Metro Area, Boone County, Indiana, 26900","Full-Service Restaurants , 722511",40114,0.0415
"Indianapolis-Carmel-Greenwood, IN Metro Area, Boone County, Indiana, 26900","Limited-Service Restaurants , 722513",36961,0.0382
"Indianapolis-Carmel-Greenwood, IN Metro Area, Boone County, Indiana, 26900","Corporate, Subsidiary, and Regional Managing Offices , 551114",27912,0.0288
"Indianapolis-Carmel-Greenwood, IN Metro Area, Boone County, Indiana, 26900","General Warehousing and Storage , 493110",26920,0.0278
"Janesville-Beloit, WI Metro Area, Rock County, Wisconsin, 27500","Corporate, Subsidiary, and Regional Managing Offices , 551114",4086,0.0786
"Janesville-Beloit, WI Metro Area, Rock County, Wisconsin, 27500","General Medical and Surgical Hospitals , 622110",2652,0.051
"Janesville-Beloit, WI Metro Area, Rock County, Wisconsin, 27500","Limited-Service Restaurants , 722513",2595,0.0499
"Janesville-Beloit, WI Metro Area, Rock County, Wisconsin, 27500","Full-Service Restaurants , 722511",2053,0.0395
"Janesville-Beloit, WI Metro Area, Rock County, Wisconsin, 27500","General Warehousing and Storage , 493110",2009,0.0387
"Kahului-Wailuku, HI Metro Area, Kalawao County, Hawaii, 27980","Hotels (except Casino Hotels) and Motels , 721110",10972,0.1853
"Kahului-Wailuku, HI Metro Area, Kalawao County, Hawaii, 27980","Full-Service Restaurants , 722511",5861,0.099
"Kahului-Wailuku, HI Metro Area, Kalawao County, Hawaii, 27980","Limited-Service Restaurants , 722513",2061,0.0348
"Kahului-Wailuku, HI Metro Area, Kalawao County, Hawaii, 27980","Supermarkets and Other Grocery (except Convenience) Stores , 445110",2046,0.0346
"Kahului-Wailuku, HI Metro Area, Kalawao County, Hawaii, 27980","Warehouse Clubs and Supercenters , 452311",1283,0.0217
"Kalamazoo-Portage, MI Metro Area, Kalamazoo County, Michigan, 28020","General Medical and Surgical Hospitals , 622110",6998,0.0675
"Kalamazoo-Portage, MI Metro Area, Kalamazoo County, Michigan, 28020","Corporate, Subsidiary, and Regional Managing Offices , 551114",5617,0.0542
"Kalamazoo-Portage, MI Metro Area, Kalamazoo County, Michigan, 28020","Limited-Service Restaurants , 722513",4585,0.0443
"Kalamazoo-Portage, MI Metro Area, Kalamazoo County, Michigan, 28020","Full-Service Restaurants , 722511",4572,0.0441
"Kalamazoo-Portage, MI Metro Area, Kalamazoo County, Michigan, 28020","Pharmaceutical Preparation Manufacturing , 325412",3997,0.0386
"Kansas City, MO-KS Metro Area, Johnson County, Kansas, 28140","General Medical and Surgical Hospitals , 622110",47721,0.048
"Kansas City, MO-KS Metro Area, Johnson County, Kansas, 28140","Full-Service Restaurants , 722511",40579,0.0408
"Kansas City, MO-KS Metro Area, Johnson County, Kansas, 28140","Limited-Service Restaurants , 722513",36915,0.0372
"Kansas City, MO-KS Metro Area, Johnson County, Kansas, 28140","Corporate, Subsidiary, and Regional Managing Offices , 551114",24387,0.0245
"Kansas City, MO-KS Metro Area, Johnson County, Kansas, 28140","Supermarkets and Other Grocery (except Convenience) Stores , 445110",21326,0.0215
"Kennewick-Richland, WA Metro Area, Benton County, Washington, 28420","Limited-Service Restaurants , 722513",4464,0.0488
"Kennewick-Richland, WA Metro Area, Benton County, Washington, 28420","Plumbing, Heating, and Air-Conditioning Contractors , 238220",3685,0.0403
"Kennewick-Richland, WA Metro Area, Benton County, Washington, 28420","Full-Service Restaurants , 722511",3563,0.039
"Kennewick-Richland, WA Metro Area, Benton County, Washington, 28420","Frozen Fruit, Juice, and Vegetable Manufacturing , 311411",3379,0.0369
"Kennewick-Richland, WA Metro Area, Benton County, Washington, 28420","Offices of Physicians (except Mental Health Specialists) , 621111",3335,0.0365
"La Crosse-Onalaska, WI-MN Metro Area, Houston County, Minnesota, 29100","General Medical and Surgical Hospitals , 622110",4826,0.0686
"La Crosse-Onalaska, WI-MN Metro Area, Houston County, Minnesota, 29100","Corporate, Subsidiary, and Regional Managing Offices , 551114",3402,0.0483
"La Crosse-Onalaska, WI-MN Metro Area, Houston County, Minnesota, 29100","Full-Service Restaurants , 722511",3063,0.0435
"La Crosse-Onalaska, WI-MN Metro Area, Houston County, Minnesota, 29100","General Freight Trucking, Long-Distance, Truckload , 484121",3054,0.0434
"La Crosse-Onalaska, WI-MN Metro Area, Houston County, Minnesota, 29100","All Other Outpatient Care Centers , 621498",2611,0.0371
"Lake Charles, LA Metro Area, Calcasieu Parish, Louisiana, 29340","General Medical and Surgical Hospitals , 622110",4714,0.0596
"Lake Charles, LA Metro Area, Calcasieu Parish, Louisiana, 29340","Casino Hotels, 721120",4616,0.0584
"Lake Charles, LA Metro Area, Calcasieu Parish, Louisiana, 29340","Limited-Service Restaurants , 722513",3634,0.046
"Lake Charles, LA Metro Area, Calcasieu Parish, Louisiana, 29340","Full-Service Restaurants , 722511",2965,0.0375
"Lake Charles, LA Metro Area, Calcasieu Parish, Louisiana, 29340","Supermarkets and Other Grocery (except Convenience) Stores , 445110",2315,0.0293
"Lancaster, PA Metro Area, Lancaster County, Pennsylvania, 29540","General Medical and Surgical Hospitals , 622110",10416,0.0443
"Lancaster, PA Metro Area, Lancaster County, Pennsylvania, 29540","Supermarkets and Other Grocery (except Convenience) Stores , 445110",7772,0.033
"Lancaster, PA Metro Area, Lancaster County, Pennsylvania, 29540","Full-Service Restaurants , 722511",7627,0.0324
"Lancaster, PA Metro Area, Lancaster County, Pennsylvania, 29540","Continuing Care Retirement Communities , 623311",6303,0.0268
"Lancaster, PA Metro Area, Lancaster County, Pennsylvania, 29540","Corporate, Subsidiary, and Regional Managing Offices , 551114",6083,0.0259
"Lebanon-Claremont, NH-VT Micro Area, Grafton County, New Hampshire, 30150","General Medical and Surgical Hospitals , 622110",10507,0.1266
"Lebanon-Claremont, NH-VT Micro Area, Grafton County, New Hampshire, 30150","Colleges, Universities, and Professional Schools , 611310",8148,0.0981
"Lebanon-Claremont, NH-VT Micro Area, Grafton County, New Hampshire, 30150","Full-Service Restaurants , 722511",3792,0.0457
"Lebanon-Claremont, NH-VT Micro Area, Grafton County, New Hampshire, 30150","All Other Outpatient Care Centers , 621498",2867,0.0345
"Lebanon-Claremont, NH-VT Micro Area, Grafton County, New Hampshire, 30150","Supermarkets and Other Grocery (except Convenience) Stores , 445110",2723,0.0328
"Logan, UT-ID Metro Area, Franklin County, Idaho, 30860","Other Accounting Services , 541219",2848,0.056
"Logan, UT-ID Metro Area, Franklin County, Idaho, 30860","Plastics Bag and Pouch Manufacturing , 326111",2693,0.053
"Logan, UT-ID Metro Area, Franklin County, Idaho, 30860","Limited-Service Restaurants , 722513",2471,0.0486
"Logan, UT-ID Metro Area, Franklin County, Idaho, 30860","Cheese Manufacturing , 311513",1579,0.0311
"Logan, UT-ID Metro Area, Franklin County, Idaho, 30860","General Medical and Surgical Hospitals , 622110",1459,0.0287
"Los Angeles-Long Beach-Anaheim, CA Metro Area, Los Angeles County, California, 31080","Full-Service Restaurants , 722511",237368,0.0426
"Los Angeles-Long Beach-Anaheim, CA Metro Area, Los Angeles County, California, 31080","Limited-Service Restaurants , 722513",218098,0.0392
"Los Angeles-Long Beach-Anaheim, CA Metro Area, Los Angeles County, California, 31080","General Medical and Surgical Hospitals , 622110",194387,0.0349
"Los Angeles-Long Beach-Anaheim, CA Metro Area, Los Angeles County, California, 31080","Corporate, Subsidiary, and Regional Managing Offices , 551114",135513,0.0243
"Los Angeles-Long Beach-Anaheim, CA Metro Area, Los Angeles County, California, 31080","Supermarkets and Other Grocery (except Convenience) Stores , 445110",101452,0.0182
"Louisville/Jefferson County, KY-IN Metro Area, Clark County, Indiana, 31140","Couriers and Express Delivery Services, 492110",38189,0.0616
"Louisville/Jefferson County, KY-IN Metro Area, Clark County, Indiana, 31140","Corporate, Subsidiary, and Regional Managing Offices , 551114",27066,0.0437
"Louisville/Jefferson County, KY-IN Metro Area, Clark County, Indiana, 31140","Limited-Service Restaurants , 722513",25018,0.0404
"Louisville/Jefferson County, KY-IN Metro Area, Clark County, Indiana, 31140","Full-Service Restaurants , 722511",23777,0.0384
"Louisville/Jefferson County, KY-IN Metro Area, Clark County, Indiana, 31140","General Medical and Surgical Hospitals , 622110",21577,0.0348
"Madison, WI Metro Area, Columbia County, Wisconsin, 31540","General Medical and Surgical Hospitals , 622110",21575,0.0627
"Madison, WI Metro Area, Columbia County, Wisconsin, 31540","Software Publishers, 511210",14068,0.0409
"Madison, WI Metro Area, Columbia County, Wisconsin, 31540","Full-Service Restaurants , 722511",12187,0.0354
"Madison, WI Metro Area, Columbia County, Wisconsin, 31540","Limited-Service Restaurants , 722513",10107,0.0294
"Madison, WI Metro Area, Columbia County, Wisconsin, 31540","Research and Development in the Physical, Engineering, and Life Sciences (except Nanotechnology and Biotechnology) , 541715",8247,0.024
"Manchester-Nashua, NH Metro Area, Hillsborough County, New Hampshire, 31700","General Medical and Surgical Hospitals , 622110",8712,0.0493
"Manchester-Nashua, NH Metro Area, Hillsborough County, New Hampshire, 31700","Full-Service Restaurants , 722511",8223,0.0465
"Manchester-Nashua, NH Metro Area, Hillsborough County, New Hampshire, 31700","Engineering Services, 541330",6374,0.036
"Manchester-Nashua, NH Metro Area, Hillsborough County, New Hampshire, 31700","Supermarkets and Other Grocery (except Convenience) Stores , 445110",5827,0.0329
"Manchester-Nashua, NH Metro Area, Hillsborough County, New Hampshire, 31700","Limited-Service Restaurants , 722513",4771,0.027
"Medford, OR Metro Area, Jackson County, Oregon, 32780","General Medical and Surgical Hospitals , 622110",4580,0.0625
"Medford, OR Metro Area, Jackson County, Oregon, 32780","Full-Service Restaurants , 722511",3136,0.0428
"Medford, OR Metro Area, Jackson County, Oregon, 32780","Offices of Physicians (except Mental Health Specialists) , 621111",3021,0.0412
"Medford, OR Metro Area, Jackson County, Oregon, 32780","Corporate, Subsidiary, and Regional Managing Offices , 551114",2814,0.0384
"Medford, OR Metro Area, Jackson County, Oregon, 32780","Limited-Service Restaurants , 722513",2748,0.0375
"Memphis, TN-MS-AR Metro Area, Crittenden County, Arkansas, 32820","Corporate, Subsidiary, and Regional Managing Offices , 551114",34676,0.0638
"Memphis, TN-MS-AR Metro Area, Crittenden County, Arkansas, 32820","General Warehousing and Storage , 493110",25979,0.0478
"Memphis, TN-MS-AR Metro Area, Crittenden County, Arkansas, 32820","Limited-Service Restaurants , 722513",24008,0.0442
"Memphis, TN-MS-AR Metro Area, Crittenden County, Arkansas, 32820","Couriers and Express Delivery Services, 492110",22556,0.0415
"Memphis, TN-MS-AR Metro Area, Crittenden County, Arkansas, 32820","General Medical and Surgical Hospitals , 622110",22221,0.0409
"Miami-Fort Lauderdale-West Palm Beach, FL Metro Area, Broward County, Florida, 33100","Full-Service Restaurants , 722511",131541,0.0543
"Miami-Fort Lauderdale-West Palm Beach, FL Metro Area, Broward County, Florida, 33100","General Medical and Surgical Hospitals , 622110",93376,0.0385
"Miami-Fort Lauderdale-West Palm Beach, FL Metro Area, Broward County, Florida, 33100","Limited-Service Restaurants , 722513",75815,0.0313
"Miami-Fort Lauderdale-West Palm Beach, FL Metro Area, Broward County, Florida, 33100","Offices of Physicians (except Mental Health Specialists) , 621111",75386,0.0311
"Miami-Fort Lauderdale-West Palm Beach, FL Metro Area, Broward County, Florida, 33100","Supermarkets and Other Grocery (except Convenience) Stores , 445110",68937,0.0284
"Midland, TX Metro Area, Martin County, Texas, 33260","Support Activities for Oil and Gas Operations , 213112",20111,0.2046
"Midland, TX Metro Area, Martin County, Texas, 33260","Crude Petroleum Extraction , 211120",4297,0.0437
"Midland, TX Metro Area, Martin County, Texas, 33260","Limited-Service Restaurants , 722513",3773,0.0384
"Midland, TX Metro Area, Martin County, Texas, 33260","Full-Service Restaurants , 722511",3174,0.0323
"Midland, TX Metro Area, Martin County, Texas, 33260","Drilling Oil and Gas Wells, 213111",3043,0.031
"Milwaukee-Waukesha, WI Metro Area, Milwaukee County, Wisconsin, 33340","Corporate, Subsidiary, and Regional Managing Offices , 551114",32048,0.042
"Milwaukee-Waukesha, WI Metro Area, Milwaukee County, Wisconsin, 33340","General Medical and Surgical Hospitals , 622110",31450,0.0412
"Milwaukee-Waukesha, WI Metro Area, Milwaukee County, Wisconsin, 33340","Full-Service Restaurants , 722511",24676,0.0323
"Milwaukee-Waukesha, WI Metro Area, Milwaukee County, Wisconsin, 33340","Limited-Service Restaurants , 722513",22518,0.0295
"Milwaukee-Waukesha, WI Metro Area, Milwaukee County, Wisconsin, 33340","Colleges, Universities, and Professional Schools , 611310",21431,0.0281
"Minneapolis-St. Paul-Bloomington, MN-WI Metro Area, Anoka County, Minnesota, 33460","Corporate, Subsidiary, and Regional Managing Offices , 551114",132644,0.071
"Minneapolis-St. Paul-Bloomington, MN-WI Metro Area, Anoka County, Minnesota, 33460","General Medical and Surgical Hospitals , 622110",64803,0.0347
"Minneapolis-St. Paul-Bloomington, MN-WI Metro Area, Anoka County, Minnesota, 33460","Full-Service Restaurants , 722511",61837,0.0331
"Minneapolis-St. Paul-Bloomington, MN-WI Metro Area, Anoka County, Minnesota, 33460","Limited-Service Restaurants , 722513",52606,0.0281
"Minneapolis-St. Paul-Bloomington, MN-WI Metro Area, Anoka County, Minnesota, 33460","Services for the Elderly and Persons with Disabilities , 624120",39243,0.021
"Missoula, MT Metro Area, Mineral County, Montana, 33540","Full-Service Restaurants , 722511",2605,0.0512
"Missoula, MT Metro Area, Mineral County, Montana, 33540","General Medical and Surgical Hospitals , 622110",2596,0.051
"Missoula, MT Metro Area, Mineral County, Montana, 33540","Limited-Service Restaurants , 722513",2338,0.046
"Missoula, MT Metro Area, Mineral County, Montana, 33540","Offices of Physicians (except Mental Health Specialists) , 621111",1533,0.0301
"Missoula, MT Metro Area, Mineral County, Montana, 33540","Warehouse Clubs and Supercenters , 452311",1205,0.0237
"Modesto, CA Metro Area, Stanislaus County, California, 33700","Limited-Service Restaurants , 722513",8393,0.0589
"Modesto, CA Metro Area, Stanislaus County, California, 33700","General Medical and Surgical Hospitals , 622110",7279,0.0511
"Modesto, CA Metro Area, Stanislaus County, California, 33700","Full-Service Restaurants , 722511",6131,0.043
"Modesto, CA Metro Area, Stanislaus County, California, 33700","Supermarkets and Other Grocery (except Convenience) Stores , 445110",4455,0.0313
"Modesto, CA Metro Area, Stanislaus County, California, 33700","Offices of Physicians (except Mental Health Specialists) , 621111",3590,0.0252
"Napa, CA Metro Area, Napa County, California, 34900","Wineries , 312130",9057,0.16
"Napa, CA Metro Area, Napa County, California, 34900","Full-Service Restaurants , 722511",4794,0.0847
"Napa, CA Metro Area, Napa County, California, 34900","Hotels (except Casino Hotels) and Motels , 721110",4596,0.0812
"Napa, CA Metro Area, Napa County, California, 34900","Limited-Service Restaurants , 722513",1726,0.0305
"Napa, CA Metro Area, Napa County, California, 34900","Supermarkets and Other Grocery (except Convenience) Stores , 445110",1585,0.028
"Naples-Marco Island, FL Metro Area, Collier County, Florida, 34940","Full-Service Restaurants , 722511",14036,0.0941
"Naples-Marco Island, FL Metro Area, Collier County, Florida, 34940","Golf Courses and Country Clubs, 713910",5937,0.0398
"Naples-Marco Island, FL Metro Area, Collier County, Florida, 34940","Supermarkets and Other Grocery (except Convenience) Stores , 445110",5398,0.0362
"Naples-Marco Island, FL Metro Area, Collier County, Florida, 34940","Offices of Physicians (except Mental Health Specialists) , 621111",5036,0.0338
"Naples-Marco Island, FL Metro Area, Collier County, Florida, 34940","General Medical and Surgical Hospitals , 622110",4951,0.0332
"Nashville-Davidson--Murfreesboro--Franklin, TN Metro Area, Cannon County, Tennessee, 34980","Corporate, Subsidiary, and Regional Managing Offices , 551114",57097,0.0575
"Nashville-Davidson--Murfreesboro--Franklin, TN Metro Area, Cannon County, Tennessee, 34980","General Medical and Surgical Hospitals , 622110",55372,0.0558
"Nashville-Davidson--Murfreesboro--Franklin, TN Metro Area, Cannon County, Tennessee, 34980","Full-Service Restaurants , 722511",44152,0.0445
"Nashville-Davidson--Murfreesboro--Franklin, TN Metro Area, Cannon County, Tennessee, 34980","Limited-Service Restaurants , 722513",37822,0.0381
"Nashville-Davidson--Murfreesboro--Franklin, TN Metro Area, Cannon County, Tennessee, 34980","Offices of Physicians (except Mental Health Specialists) , 621111",36323,0.0366
"New Haven, CT Metro Area, South Central Connecticut Planning Region, Connecticut, 35300","Colleges, Universities, and Professional Schools , 611310",34305,0.1376
"New Haven, CT Metro Area, South Central Connecticut Planning Region, Connecticut, 35300","Offices of Physicians (except Mental Health Specialists) , 621111",15881,0.0637
"New Haven, CT Metro Area, South Central Connecticut Planning Region, Connecticut, 35300","Full-Service Restaurants , 722511",9297,0.0373
"New Haven, CT Metro Area, South Central Connecticut Planning Region, Connecticut, 35300","Electronic Shopping and Mail-Order Houses , 454110",6781,0.0272
"New Haven, CT Metro Area, South Central Connecticut Planning Region, Connecticut, 35300","Limited-Service Restaurants , 722513",6097,0.0245
"New Orleans-Metairie, LA Metro Area, Jefferson Parish, Louisiana, 35380","General Medical and Surgical Hospitals , 622110",23047,0.0575
"New Orleans-Metairie, LA Metro Area, Jefferson Parish, Louisiana, 35380","Full-Service Restaurants , 722511",21895,0.0546
"New Orleans-Metairie, LA Metro Area, Jefferson Parish, Louisiana, 35380","Limited-Service Restaurants , 722513",15170,0.0379
"New Orleans-Metairie, LA Metro Area, Jefferson Parish, Louisiana, 35380","Colleges, Universities, and Professional Schools , 611310",13785,0.0344
"New Orleans-Metairie, LA Metro Area, Jefferson Parish, Louisiana, 35380","Elementary and Secondary Schools , 611110",13233,0.033
"New York-Newark-Jersey City, NY-NJ Metro Area, Bergen County, New Jersey, 35620","General Medical and Surgical Hospitals , 622110",401004,0.0469
"New York-Newark-Jersey City, NY-NJ Metro Area, Bergen County, New Jersey, 35620","Full-Service Restaurants , 722511",318739,0.0373
"New York-Newark-Jersey City, NY-NJ Metro Area, Bergen County, New Jersey, 35620","Home Health Care Services, 621610",292228,0.0342
"New York-Newark-Jersey City, NY-NJ Metro Area, Bergen County, New Jersey, 35620","Corporate, Subsidiary, and Regional Managing Offices , 551114",240613,0.0281
"New York-Newark-Jersey City, NY-NJ Metro Area, Bergen County, New Jersey, 35620","Services for the Elderly and Persons with Disabilities , 624120",233178,0.0273
"Norwich-New London-Willimantic, CT Metro Area, Southeastern Connecticut Planning Region, Connecticut, 35980","Full-Service Restaurants , 722511",6087,0.0861
"Norwich-New London-Willimantic, CT Metro Area, Southeastern Connecticut Planning Region, Connecticut, 35980","Limited-Service Restaurants , 722513",3352,0.0474
"Norwich-New London-Willimantic, CT Metro Area, Southeastern Connecticut Planning Region, Connecticut, 35980","Research and Development in the Physical, Engineering, and Life Sciences (except Nanotechnology and Biotechnology) , 541715",3315,0.0469
"Norwich-New London-Willimantic, CT Metro Area, Southeastern Connecticut Planning Region, Connecticut, 35980","Supermarkets and Other Grocery (except Convenience) Stores , 445110",2575,0.0364
"Norwich-New London-Willimantic, CT Metro Area, Southeastern Connecticut Planning Region, Connecticut, 35980","Warehouse Clubs and Supercenters , 452311",2271,0.0321
"Odessa, TX Metro Area, Ector County, Texas, 36220","Support Activities for Oil and Gas Operations , 213112",9048,0.147
"Odessa, TX Metro Area, Ector County, Texas, 36220","Limited-Service Restaurants , 722513",3398,0.0552
"Odessa, TX Metro Area, Ector County, Texas, 36220","Oil and Gas Pipeline and Related Structures Construction , 237120",2824,0.0459
"Odessa, TX Metro Area, Ector County, Texas, 36220","Industrial Machinery and Equipment Merchant Wholesalers , 423830",2483,0.0403
"Odessa, TX Metro Area, Ector County, Texas, 36220","Full-Service Restaurants , 722511",2418,0.0393
"Ogden, UT Metro Area, Davis County, Utah, 36260","Limited-Service Restaurants , 722513",10599,0.057
"Ogden, UT Metro Area, Davis County, Utah, 36260","Full-Service Restaurants , 722511",5908,0.0317
"Ogden, UT Metro Area, Davis County, Utah, 36260","Offices of Physicians (except Mental Health Specialists) , 621111",4630,0.0249
"Ogden, UT Metro Area, Davis County, Utah, 36260","General Medical and Surgical Hospitals , 622110",4594,0.0247
"Ogden, UT Metro Area, Davis County, Utah, 36260","Supermarkets and Other Grocery (except Convenience) Stores , 445110",4515,0.0243
"Orlando-Kissimmee-Sanford, FL Metro Area, Lake County, Florida, 36740","Full-Service Restaurants , 722511",61120,0.0501
"Orlando-Kissimmee-Sanford, FL Metro Area, Lake County, Florida, 36740","Amusement and Theme Parks , 713110",57473,0.0471
"Orlando-Kissimmee-Sanford, FL Metro Area, Lake County, Florida, 36740","Hotels (except Casino Hotels) and Motels , 721110",54605,0.0448
"Orlando-Kissimmee-Sanford, FL Metro Area, Lake County, Florida, 36740","General Medical and Surgical Hospitals , 622110",49700,0.0407
"Orlando-Kissimmee-Sanford, FL Metro Area, Lake County, Florida, 36740","Limited-Service Restaurants , 722513",46717,0.0383
"Oshkosh-Neenah, WI Metro Area, Winnebago County, Wisconsin, 36780","Corporate, Subsidiary, and Regional Managing Offices , 551114",5562,0.077
"Oshkosh-Neenah, WI Metro Area, Winnebago County, Wisconsin, 36780","Offices of Physicians (except Mental Health Specialists) , 621111",3160,0.0438
"Oshkosh-Neenah, WI Metro Area, Winnebago County, Wisconsin, 36780","Plastics Packaging Film and Sheet (including Laminated) Manufacturing , 326112",3029,0.0419
"Oshkosh-Neenah, WI Metro Area, Winnebago County, Wisconsin, 36780","General Medical and Surgical Hospitals , 622110",2673,0.037
"Oshkosh-Neenah, WI Metro Area, Winnebago County, Wisconsin, 36780","Full-Service Restaurants , 722511",2355,0.0326
"Oxnard-Thousand Oaks-Ventura, CA Metro Area, Ventura County, California, 37100","Limited-Service Restaurants , 722513",13883,0.0522
"Oxnard-Thousand Oaks-Ventura, CA Metro Area, Ventura County, California, 37100","Full-Service Restaurants , 722511",13076,0.0492
"Oxnard-Thousand Oaks-Ventura, CA Metro Area, Ventura County, California, 37100","General Medical and Surgical Hospitals , 622110",9309,0.035
"Oxnard-Thousand Oaks-Ventura, CA Metro Area, Ventura County, California, 37100","Supermarkets and Other Grocery (except Convenience) Stores , 445110",7342,0.0276
"Oxnard-Thousand Oaks-Ventura, CA Metro Area, Ventura County, California, 37100","Research and Development in Biotechnology (except Nanobiotechnology), 541714",5510,0.0207
"Peoria, IL Metro Area, Marshall County, Illinois, 37900","Corporate, Subsidiary, and Regional Managing Offices , 551114",18085,0.1237
"Peoria, IL Metro Area, Marshall County, Illinois, 37900","General Medical and Surgical Hospitals , 622110",8759,0.0599
"Peoria, IL Metro Area, Marshall County, Illinois, 37900","Offices of Physicians (except Mental Health Specialists) , 621111",8134,0.0556
"Peoria, IL Metro Area, Marshall County, Illinois, 37900","Limited-Service Restaurants , 722513",5307,0.0363
"Peoria, IL Metro Area, Marshall County, Illinois, 37900","Full-Service Restaurants , 722511",4863,0.0333
"Philadelphia-Camden-Wilmington, PA-NJ-DE-MD Metro Area, New Castle County, Delaware, 37980","General Medical and Surgical Hospitals , 622110",144558,0.0505
"Philadelphia-Camden-Wilmington, PA-NJ-DE-MD Metro Area, New Castle County, Delaware, 37980","Corporate, Subsidiary, and Regional Managing Offices , 551114",120197,0.042
"Philadelphia-Camden-Wilmington, PA-NJ-DE-MD Metro Area, New Castle County, Delaware, 37980","Full-Service Restaurants , 722511",95642,0.0334
"Philadelphia-Camden-Wilmington, PA-NJ-DE-MD Metro Area, New Castle County, Delaware, 37980","Colleges, Universities, and Professional Schools , 611310",90266,0.0315
"Philadelphia-Camden-Wilmington, PA-NJ-DE-MD Metro Area, New Castle County, Delaware, 37980","Services for the Elderly and Persons with Disabilities , 624120",76620,0.0268
"Phoenix-Mesa-Chandler, AZ Metro Area, Maricopa County, Arizona, 38060","Limited-Service Restaurants , 722513",86592,0.0419
"Phoenix-Mesa-Chandler, AZ Metro Area, Maricopa County, Arizona, 38060","Full-Service Restaurants , 722511",81960,0.0397
"Phoenix-Mesa-Chandler, AZ Metro Area, Maricopa County, Arizona, 38060","Corporate, Subsidiary, and Regional Managing Offices , 551114",69475,0.0336
"Phoenix-Mesa-Chandler, AZ Metro Area, Maricopa County, Arizona, 38060","General Medical and Surgical Hospitals , 622110",62608,0.0303
"Phoenix-Mesa-Chandler, AZ Metro Area, Maricopa County, Arizona, 38060","Offices of Physicians (except Mental Health Specialists) , 621111",38075,0.0184
"Pittsburgh, PA Metro Area, Allegheny County, Pennsylvania, 38300","Corporate, Subsidiary, and Regional Managing Offices , 551114",61685,0.0553
"Pittsburgh, PA Metro Area, Allegheny County, Pennsylvania, 38300","General Medical and Surgical Hospitals , 622110",57118,0.0512
"Pittsburgh, PA Metro Area, Allegheny County, Pennsylvania, 38300","Colleges, Universities, and Professional Schools , 611310",45914,0.0411
"Pittsburgh, PA Metro Area, Allegheny County, Pennsylvania, 38300","Full-Service Restaurants , 722511",43054,0.0386
"Pittsburgh, PA Metro Area, Allegheny County, Pennsylvania, 38300","Offices of Physicians (except Mental Health Specialists) , 621111",36638,0.0328
"Portland-South Portland, ME Metro Area, Cumberland County, Maine, 38860","Full-Service Restaurants , 722511",12371,0.0515
"Portland-South Portland, ME Metro Area, Cumberland County, Maine, 38860","General Medical and Surgical Hospitals , 622110",11337,0.0472
"Portland-South Portland, ME Metro Area, Cumberland County, Maine, 38860","Corporate, Subsidiary, and Regional Managing Offices , 551114",10864,0.0452
"Portland-South Portland, ME Metro Area, Cumberland County, Maine, 38860","Supermarkets and Other Grocery (except Convenience) Stores , 445110",7959,0.0331
"Portland-South Portland, ME Metro Area, Cumberland County, Maine, 38860","Offices of Physicians (except Mental Health Specialists) , 621111",6024,0.0251
"Portland-Vancouver-Hillsboro, OR-WA Metro Area, Clackamas County, Oregon, 38900","Corporate, Subsidiary, and Regional Managing Offices , 551114",50912,0.0462
"Portland-Vancouver-Hillsboro, OR-WA Metro Area, Clackamas County, Oregon, 38900","General Medical and Surgical Hospitals , 622110",46313,0.0421
"Portland-Vancouver-Hillsboro, OR-WA Metro Area, Clackamas County, Oregon, 38900","Full-Service Restaurants , 722511",39445,0.0358
"Portland-Vancouver-Hillsboro, OR-WA Metro Area, Clackamas County, Oregon, 38900","Limited-Service Restaurants , 722513",34372,0.0312
"Portland-Vancouver-Hillsboro, OR-WA Metro Area, Clackamas County, Oregon, 38900","Semiconductor and Related Device Manufacturing , 334413",22615,0.0205
"Providence-Warwick, RI-MA Metro Area, Bristol County, Massachusetts, 39300","Full-Service Restaurants , 722511",32197,0.0506
"Providence-Warwick, RI-MA Metro Area, Bristol County, Massachusetts, 39300","General Medical and Surgical Hospitals , 622110",31215,0.049
"Providence-Warwick, RI-MA Metro Area, Bristol County, Massachusetts, 39300","Colleges, Universities, and Professional Schools , 611310",23955,0.0376
"Providence-Warwick, RI-MA Metro Area, Bristol County, Massachusetts, 39300","Limited-Service Restaurants , 722513",18216,0.0286
"Providence-Warwick, RI-MA Metro Area, Bristol County, Massachusetts, 39300","Supermarkets and Other Grocery (except Convenience) Stores , 445110",17204,0.027
"Provo-Orem-Lehi, UT Metro Area, Juab County, Utah, 39340","Colleges, Universities, and Professional Schools , 611310",24577,0.0924
"Provo-Orem-Lehi, UT Metro Area, Juab County, Utah, 39340","Limited-Service Restaurants , 722513",13670,0.0514
"Provo-Orem-Lehi, UT Metro Area, Juab County, Utah, 39340","Software Publishers, 511210",11923,0.0448
"Provo-Orem-Lehi, UT Metro Area, Juab County, Utah, 39340","Warehouse Clubs and Supercenters , 452311",5842,0.022
"Provo-Orem-Lehi, UT Metro Area, Juab County, Utah, 39340","Offices of Physicians (except Mental Health Specialists) , 621111",5452,0.0205
"Racine-Mount Pleasant, WI Metro Area, Racine County, Wisconsin, 39540","Corporate, Subsidiary, and Regional Managing Offices , 551114",2529,0.0448
"Racine-Mount Pleasant, WI Metro Area, Racine County, Wisconsin, 39540","Limited-Service Restaurants , 722513",2523,0.0447
"Racine-Mount Pleasant, WI Metro Area, Racine County, Wisconsin, 39540","Full-Service Restaurants , 722511",2083,0.0369
"Racine-Mount Pleasant, WI Metro Area, Racine County, Wisconsin, 39540","Offices of Physicians (except Mental Health Specialists) , 621111",1900,0.0337
"Racine-Mount Pleasant, WI Metro Area, Racine County, Wisconsin, 39540","General Medical and Surgical Hospitals , 622110",1482,0.0263
"Raleigh-Cary, NC Metro Area, Franklin County, North Carolina, 39580","Full-Service Restaurants , 722511",27561,0.0453
"Raleigh-Cary, NC Metro Area, Franklin County, North Carolina, 39580","Limited-Service Restaurants , 722513",26164,0.043
"Raleigh-Cary, NC Metro Area, Franklin County, North Carolina, 39580","Corporate, Subsidiary, and Regional Managing Offices , 551114",20022,0.0329
"Raleigh-Cary, NC Metro Area, Franklin County, North Carolina, 39580","General Medical and Surgical Hospitals , 622110",19235,0.0316
"Raleigh-Cary, NC Metro Area, Franklin County, North Carolina, 39580","Supermarkets and Other Grocery (except Convenience) Stores , 445110",16057,0.0264
"Reading, PA Metro Area, Berks County, Pennsylvania, 39740","General Medical and Surgical Hospitals , 622110",7214,0.0488
"Reading, PA Metro Area, Berks County, Pennsylvania, 39740","Services for the Elderly and Persons with Disabilities , 624120",5249,0.0355
"Reading, PA Metro Area, Berks County, Pennsylvania, 39740","Full-Service Restaurants , 722511",5176,0.035
"Reading, PA Metro Area, Berks County, Pennsylvania, 39740","Corporate, Subsidiary, and Regional Managing Offices , 551114",5148,0.0348
"Reading, PA Metro Area, Berks County, Pennsylvania, 39740","General Warehousing and Storage , 493110",5078,0.0343
"Reno, NV Metro Area, Lyon County, Nevada, 39900","Casino Hotels, 721120",9938,0.0443
"Reno, NV Metro Area, Lyon County, Nevada, 39900","General Medical and Surgical Hospitals , 622110",8324,0.0371
"Reno, NV Metro Area, Lyon County, Nevada, 39900","Full-Service Restaurants , 722511",8319,0.0371
"Reno, NV Metro Area, Lyon County, Nevada, 39900","Automobile Manufacturing , 336111",8146,0.0363
"Reno, NV Metro Area, Lyon County, Nevada, 39900","Limited-Service Restaurants , 722513",7775,0.0347
"Richmond, VA Metro Area, Amelia County, Virginia, 40060","Corporate, Subsidiary, and Regional Managing Offices , 551114",22876,0.0405
"Richmond, VA Metro Area, Amelia County, Virginia, 40060","Full-Service Restaurants , 722511",22707,0.0402
"Richmond, VA Metro Area, Amelia County, Virginia, 40060","General Medical and Surgical Hospitals , 622110",20453,0.0362
"Richmond, VA Metro Area, Amelia County, Virginia, 40060","Limited-Service Restaurants , 722513",20056,0.0355
"Richmond, VA Metro Area, Amelia County, Virginia, 40060","Credit Card Issuing , 522210",15505,0.0274
"Riverside-San Bernardino-Ontario, CA Metro Area, Riverside County, California, 40140","General Warehousing and Storage , 493110",89291,0.0638
"Riverside-San Bernardino-Ontario, CA Metro Area, Riverside County, California, 40140","Limited-Service Restaurants , 722513",77317,0.0552
"Riverside-San Bernardino-Ontario, CA Metro Area, Riverside County, California, 40140","Full-Service Restaurants , 722511",56869,0.0406
"Riverside-San Bernardino-Ontario, CA Metro Area, Riverside County, California, 40140","General Medical and Surgical Hospitals , 622110",54965,0.0393
"Riverside-San Bernardino-Ontario, CA Metro Area, Riverside County, California, 40140","Electronic Shopping and Mail-Order Houses , 454110",43384,0.031
"Rochester, MN Metro Area, Dodge County, Minnesota, 40340","Research and Development in the Physical, Engineering, and Life Sciences (except Nanotechnology and Biotechnology) , 541715",36789,0.3193
"Rochester, MN Metro Area, Dodge County, Minnesota, 40340","General Medical and Surgical Hospitals , 622110",12153,0.1055
"Rochester, MN Metro Area, Dodge County, Minnesota, 40340","Full-Service Restaurants , 722511",3809,0.0331
"Rochester, MN Metro Area, Dodge County, Minnesota, 40340","Supermarkets and Other Grocery (except Convenience) Stores , 445110",2735,0.0237
"Rochester, MN Metro Area, Dodge County, Minnesota, 40340","Limited-Service Restaurants , 722513",2546,0.0221
"Rochester, NY Metro Area, Livingston County, New York, 40380","General Medical and Surgical Hospitals , 622110",26380,0.0627
"Rochester, NY Metro Area, Livingston County, New York, 40380","Colleges, Universities, and Professional Schools , 611310",26372,0.0627
"Rochester, NY Metro Area, Livingston County, New York, 40380","Full-Service Restaurants , 722511",14799,0.0352
"Rochester, NY Metro Area, Livingston County, New York, 40380","Limited-Service Restaurants , 722513",14773,0.0351
"Rochester, NY Metro Area, Livingston County, New York, 40380","Corporate, Subsidiary, and Regional Managing Offices , 551114",12878,0.0306
"Rockford, IL Metro Area, Boone County, Illinois, 40420","General Medical and Surgical Hospitals , 622110",6462,0.055
"Rockford, IL Metro Area, Boone County, Illinois, 40420","Limited-Service Restaurants , 722513",5962,0.0508
"Rockford, IL Metro Area, Boone County, Illinois, 40420","Full-Service Restaurants , 722511",4328,0.0368
"Rockford, IL Metro Area, Boone County, Illinois, 40420","Religious Organizations , 813110",3251,0.0277
"Rockford, IL Metro Area, Boone County, Illinois, 40420","Couriers and Express Delivery Services, 492110",2967,0.0253
"Sacramento-Roseville-Folsom, CA Metro Area, El Dorado County, California, 40900","General Medical and Surgical Hospitals , 622110",37718,0.0464
"Sacramento-Roseville-Folsom, CA Metro Area, El Dorado County, California, 40900","Limited-Service Restaurants , 722513",36692,0.0451
"Sacramento-Roseville-Folsom, CA Metro Area, El Dorado County, California, 40900","Full-Service Restaurants , 722511",35856,0.0441
"Sacramento-Roseville-Folsom, CA Metro Area, El Dorado County, California, 40900","Supermarkets and Other Grocery (except Convenience) Stores , 445110",20330,0.025
"Sacramento-Roseville-Folsom, CA Metro Area, El Dorado County, California, 40900","General Warehousing and Storage , 493110",18338,0.0225
"Salinas, CA Metro Area, Monterey County, California, 41500","Full-Service Restaurants , 722511",7385,0.0655
"Salinas, CA Metro Area, Monterey County, California, 41500","General Medical and Surgical Hospitals , 622110",6503,0.0577
"Salinas, CA Metro Area, Monterey County, California, 41500","Hotels (except Casino Hotels) and Motels , 721110",6362,0.0565
"Salinas, CA Metro Area, Monterey County, California, 41500","Limited-Service Restaurants , 722513",5469,0.0485
"Salinas, CA Metro Area, Monterey County, California, 41500","Perishable Prepared Food Manufacturing , 311991",4857,0.0431
"Salt Lake City-Murray, UT Metro Area, Salt Lake County, Utah, 41620","General Medical and Surgical Hospitals , 622110",28698,0.0411
"Salt Lake City-Murray, UT Metro Area, Salt Lake County, Utah, 41620","Limited-Service Restaurants , 722513",22964,0.0329
"Salt Lake City-Murray, UT Metro Area, Salt Lake County, Utah, 41620","Religious Organizations , 813110",21896,0.0314
"Salt Lake City-Murray, UT Metro Area, Salt Lake County, Utah, 41620","Corporate, Subsidiary, and Regional Managing Offices , 551114",18597,0.0267
"Salt Lake City-Murray, UT Metro Area, Salt Lake County, Utah, 41620","Full-Service Restaurants , 722511",17239,0.0247
"San Diego-Chula Vista-Carlsbad, CA Metro Area, San Diego County, California, 41740","Full-Service Restaurants , 722511",63776,0.046
"San Diego-Chula Vista-Carlsbad, CA Metro Area, San Diego County, California, 41740","General Medical and Surgical Hospitals , 622110",57165,0.0412
"San Diego-Chula Vista-Carlsbad, CA Metro Area, San Diego County, California, 41740","Limited-Service Restaurants , 722513",55315,0.0399
"San Diego-Chula Vista-Carlsbad, CA Metro Area, San Diego County, California, 41740","Hotels (except Casino Hotels) and Motels , 721110",27570,0.0199
"San Diego-Chula Vista-Carlsbad, CA Metro Area, San Diego County, California, 41740","Corporate, Subsidiary, and Regional Managing Offices , 551114",26877,0.0194
"San Francisco-Oakland-Fremont, CA Metro Area, Alameda County, California, 41860","Software Publishers, 511210",112237,0.047
"San Francisco-Oakland-Fremont, CA Metro Area, Alameda County, California, 41860","Internet Publishing and Broadcasting and Web Search Portals, 519130",96645,0.0405
"San Francisco-Oakland-Fremont, CA Metro Area, Alameda County, California, 41860","Full-Service Restaurants , 722511",86434,0.0362
"San Francisco-Oakland-Fremont, CA Metro Area, Alameda County, California, 41860","Corporate, Subsidiary, and Regional Managing Offices , 551114",80974,0.0339
"San Francisco-Oakland-Fremont, CA Metro Area, Alameda County, California, 41860","General Medical and Surgical Hospitals , 622110",69158,0.029
"San Jose-Sunnyvale-Santa Clara, CA Metro Area, San Benito County, California, 41940","Software Publishers, 511210",91253,0.0778
"San Jose-Sunnyvale-Santa Clara, CA Metro Area, San Benito County, California, 41940","Corporate, Subsidiary, and Regional Managing Offices , 551114",82067,0.0699
"San Jose-Sunnyvale-Santa Clara, CA Metro Area, San Benito County, California, 41940","Custom Computer Programming Services , 541511",52263,0.0445
"San Jose-Sunnyvale-Santa Clara, CA Metro Area, San Benito County, California, 41940","Internet Publishing and Broadcasting and Web Search Portals, 519130",52002,0.0443
"San Jose-Sunnyvale-Santa Clara, CA Metro Area, San Benito County, California, 41940","General Medical and Surgical Hospitals , 622110",50170,0.0428
"Santa Cruz-Watsonville, CA Metro Area, Santa Cruz County, California, 42100","Full-Service Restaurants , 722511",4675,0.0635
"Santa Cruz-Watsonville, CA Metro Area, Santa Cruz County, California, 42100","Limited-Service Restaurants , 722513",3656,0.0497
"Santa Cruz-Watsonville, CA Metro Area, Santa Cruz County, California, 42100","Supermarkets and Other Grocery (except Convenience) Stores , 445110",3100,0.0421
"Santa Cruz-Watsonville, CA Metro Area, Santa Cruz County, California, 42100","General Medical and Surgical Hospitals , 622110",2990,0.0406
"Santa Cruz-Watsonville, CA Metro Area, Santa Cruz County, California, 42100","Offices of Physicians (except Mental Health Specialists) , 621111",2136,0.029
"Santa Maria-Santa Barbara, CA Metro Area, Santa Barbara County, California, 42200","Full-Service Restaurants , 722511",8974,0.0592
"Santa Maria-Santa Barbara, CA Metro Area, Santa Barbara County, California, 42200","Limited-Service Restaurants , 722513",7700,0.0508
"Santa Maria-Santa Barbara, CA Metro Area, Santa Barbara County, California, 42200","General Medical and Surgical Hospitals , 622110",5856,0.0386
"Santa Maria-Santa Barbara, CA Metro Area, Santa Barbara County, California, 42200","Hotels (except Casino Hotels) and Motels , 721110",5222,0.0344
"Santa Maria-Santa Barbara, CA Metro Area, Santa Barbara County, California, 42200","Supermarkets and Other Grocery (except Convenience) Stores , 445110",4450,0.0293
"Santa Rosa-Petaluma, CA Metro Area, Sonoma County, California, 42220","Full-Service Restaurants , 722511",9018,0.0539
"Santa Rosa-Petaluma, CA Metro Area, Sonoma County, California, 42220","Wineries , 312130",6159,0.0368
"Santa Rosa-Petaluma, CA Metro Area, Sonoma County, California, 42220","Supermarkets and Other Grocery (except Convenience) Stores , 445110",6022,0.036
"Santa Rosa-Petaluma, CA Metro Area, Sonoma County, California, 42220","Limited-Service Restaurants , 722513",5778,0.0345
"Santa Rosa-Petaluma, CA Metro Area, Sonoma County, California, 42220","General Medical and Surgical Hospitals , 622110",5491,0.0328
"Scranton--Wilkes-Barre, PA Metro Area, Lackawanna County, Pennsylvania, 42540","General Warehousing and Storage , 493110",14992,0.0678
"Scranton--Wilkes-Barre, PA Metro Area, Lackawanna County, Pennsylvania, 42540","General Medical and Surgical Hospitals , 622110",10033,0.0454
"Scranton--Wilkes-Barre, PA Metro Area, Lackawanna County, Pennsylvania, 42540","Full-Service Restaurants , 722511",7940,0.0359
"Scranton--Wilkes-Barre, PA Metro Area, Lackawanna County, Pennsylvania, 42540","Offices of Physicians (except Mental Health Specialists) , 621111",7278,0.0329
"Scranton--Wilkes-Barre, PA Metro Area, Lackawanna County, Pennsylvania, 42540","Colleges, Universities, and Professional Schools , 611310",7171,0.0324
"Seattle-Tacoma-Bellevue, WA Metro Area, King County, Washington, 42660","Corporate, Subsidiary, and Regional Managing Offices , 551114",117775,0.0627
"Seattle-Tacoma-Bellevue, WA Metro Area, King County, Washington, 42660","Software Publishers, 511210",93968,0.0501
"Seattle-Tacoma-Bellevue, WA Metro Area, King County, Washington, 42660","General Medical and Surgical Hospitals , 622110",71577,0.0381
"Seattle-Tacoma-Bellevue, WA Metro Area, King County, Washington, 42660","Full-Service Restaurants , 722511",65711,0.035
"Seattle-Tacoma-Bellevue, WA Metro Area, King County, Washington, 42660","Aircraft Manufacturing , 336411",48597,0.0259
"Sioux City, IA-NE-SD Metro Area, Woodbury County, Iowa, 43580","Animal (except Poultry) Slaughtering , 311611",6906,0.1134
"Sioux City, IA-NE-SD Metro Area, Woodbury County, Iowa, 43580","General Medical and Surgical Hospitals , 622110",2869,0.0471
"Sioux City, IA-NE-SD Metro Area, Woodbury County, Iowa, 43580","Full-Service Restaurants , 722511",2114,0.0347
"Sioux City, IA-NE-SD Metro Area, Woodbury County, Iowa, 43580","Limited-Service Restaurants , 722513",2063,0.0339
"Sioux City, IA-NE-SD Metro Area, Woodbury County, Iowa, 43580","Meat Processed from Carcasses , 311612",2019,0.0332
"Sioux Falls, SD-MN Metro Area, Rock County, Minnesota, 43620","General Medical and Surgical Hospitals , 622110",15736,0.1026
"Sioux Falls, SD-MN Metro Area, Rock County, Minnesota, 43620","Commercial Banking , 522110",5703,0.0372
"Sioux Falls, SD-MN Metro Area, Rock County, Minnesota, 43620","Corporate, Subsidiary, and Regional Managing Offices , 551114",5674,0.037
"Sioux Falls, SD-MN Metro Area, Rock County, Minnesota, 43620","Limited-Service Restaurants , 722513",5209,0.034
"Sioux Falls, SD-MN Metro Area, Rock County, Minnesota, 43620","Full-Service Restaurants , 722511",4401,0.0287
"Spartanburg, SC Metro Area, Spartanburg County, South Carolina, 43900","Office Administrative Services, 561110",7616,0.0571
"Spartanburg, SC Metro Area, Spartanburg County, South Carolina, 43900","Limited-Service Restaurants , 722513",6286,0.0471
"Spartanburg, SC Metro Area, Spartanburg County, South Carolina, 43900","Full-Service Restaurants , 722511",4946,0.0371
"Spartanburg, SC Metro Area, Spartanburg County, South Carolina, 43900","Services for the Elderly and Persons with Disabilities , 624120",4267,0.032
"Spartanburg, SC Metro Area, Spartanburg County, South Carolina, 43900","General Warehousing and Storage , 493110",4260,0.0319
"Springfield, MA Metro Area, Hampden County, Massachusetts, 44140","General Medical and Surgical Hospitals , 622110",12236,0.0781
"Springfield, MA Metro Area, Hampden County, Massachusetts, 44140","Full-Service Restaurants , 722511",6136,0.0391
"Springfield, MA Metro Area, Hampden County, Massachusetts, 44140","Colleges, Universities, and Professional Schools , 611310",4967,0.0317
"Springfield, MA Metro Area, Hampden County, Massachusetts, 44140","Limited-Service Restaurants , 722513",4510,0.0288
"Springfield, MA Metro Area, Hampden County, Massachusetts, 44140","Offices of Physicians (except Mental Health Specialists) , 621111",4502,0.0287
"St. Cloud, MN Metro Area, Benton County, Minnesota, 41060","General Medical and Surgical Hospitals , 622110",7801,0.0847
"St. Cloud, MN Metro Area, Benton County, Minnesota, 41060","Corporate, Subsidiary, and Regional Managing Offices , 551114",4408,0.0479
"St. Cloud, MN Metro Area, Benton County, Minnesota, 41060","Power and Communication Line and Related Structures Construction , 237130",3435,0.0373
"St. Cloud, MN Metro Area, Benton County, Minnesota, 41060","Limited-Service Restaurants , 722513",3103,0.0337
"St. Cloud, MN Metro Area, Benton County, Minnesota, 41060","Full-Service Restaurants , 722511",2746,0.0298
"St. George, UT Metro Area, Washington County, Utah, 41100","Limited-Service Restaurants , 722513",3868,0.0614
"St. George, UT Metro Area, Washington County, Utah, 41100","Full-Service Restaurants , 722511",3198,0.0508
"St. George, UT Metro Area, Washington County, Utah, 41100","Hotels (except Casino Hotels) and Motels , 721110",2101,0.0333
"St. George, UT Metro Area, Washington County, Utah, 41100","Warehouse Clubs and Supercenters , 452311",1848,0.0293
"St. George, UT Metro Area, Washington County, Utah, 41100","Offices of Physicians (except Mental Health Specialists) , 621111",1750,0.0278
"St. Louis, MO-IL Metro Area, Bond County, Illinois, 41180","Corporate, Subsidiary, and Regional Managing Offices , 551114",58664,0.047
"St. Louis, MO-IL Metro Area, Bond County, Illinois, 41180","General Medical and Surgical Hospitals , 622110",50924,0.0408
"St. Louis, MO-IL Metro Area, Bond County, Illinois, 41180","Full-Service Restaurants , 722511",49930,0.04
"St. Louis, MO-IL Metro Area, Bond County, Illinois, 41180","Limited-Service Restaurants , 722513",45289,0.0363
"St. Louis, MO-IL Metro Area, Bond County, Illinois, 41180","Colleges, Universities, and Professional Schools , 611310",43936,0.0352
"Syracuse, NY Metro Area, Madison County, New York, 45060","General Medical and Surgical Hospitals , 622110",15276,0.0612
"Syracuse, NY Metro Area, Madison County, New York, 45060","Colleges, Universities, and Professional Schools , 611310",14963,0.0599
"Syracuse, NY Metro Area, Madison County, New York, 45060","Full-Service Restaurants , 722511",8072,0.0323
"Syracuse, NY Metro Area, Madison County, New York, 45060","Limited-Service Restaurants , 722513",7965,0.0319
"Syracuse, NY Metro Area, Madison County, New York, 45060","Supermarkets and Other Grocery (except Convenience) Stores , 445110",6809,0.0273
"Tampa-St. Petersburg-Clearwater, FL Metro Area, Hernando County, Florida, 45300","Full-Service Restaurants , 722511",57691,0.045
"Tampa-St. Petersburg-Clearwater, FL Metro Area, Hernando County, Florida, 45300","General Medical and Surgical Hospitals , 622110",53243,0.0415
"Tampa-St. Petersburg-Clearwater, FL Metro Area, Hernando County, Florida, 45300","Limited-Service Restaurants , 722513",41528,0.0324
"Tampa-St. Petersburg-Clearwater, FL Metro Area, Hernando County, Florida, 45300","Offices of Physicians (except Mental Health Specialists) , 621111",35311,0.0276
"Tampa-St. Petersburg-Clearwater, FL Metro Area, Hernando County, Florida, 45300","Supermarkets and Other Grocery (except Convenience) Stores , 445110",33692,0.0263
"Toledo, OH Metro Area, Fulton County, Ohio, 45780","General Medical and Surgical Hospitals , 622110",14004,0.0571
"Toledo, OH Metro Area, Fulton County, Ohio, 45780","Limited-Service Restaurants , 722513",11931,0.0486
"Toledo, OH Metro Area, Fulton County, Ohio, 45780","Full-Service Restaurants , 722511",11390,0.0464
"Toledo, OH Metro Area, Fulton County, Ohio, 45780","Offices of Physicians (except Mental Health Specialists) , 621111",6869,0.028
"Toledo, OH Metro Area, Fulton County, Ohio, 45780","Temporary Help Services, 561320",6546,0.0267
"Topeka, KS Metro Area, Jackson County, Kansas, 45820","General Medical and Surgical Hospitals , 622110",7882,0.108
"Topeka, KS Metro Area, Jackson County, Kansas, 45820","Limited-Service Restaurants , 722513",3214,0.044
"Topeka, KS Metro Area, Jackson County, Kansas, 45820","Full-Service Restaurants , 722511",2907,0.0398
"Topeka, KS Metro Area, Jackson County, Kansas, 45820","Supermarkets and Other Grocery (except Convenience) Stores , 445110",1729,0.0237
"Topeka, KS Metro Area, Jackson County, Kansas, 45820","Warehouse Clubs and Supercenters , 452311",1657,0.0227
"Traverse City, MI Metro Area, Benzie County, Michigan, 45900","General Medical and Surgical Hospitals , 622110",4096,0.077
"Traverse City, MI Metro Area, Benzie County, Michigan, 45900","Full-Service Restaurants , 722511",3341,0.0628
"Traverse City, MI Metro Area, Benzie County, Michigan, 45900","Insurance Agencies and Brokerages , 524210",2299,0.0432
"Traverse City, MI Metro Area, Benzie County, Michigan, 45900","Hotels (except Casino Hotels) and Motels , 721110",1979,0.0372
"Traverse City, MI Metro Area, Benzie County, Michigan, 45900","Limited-Service Restaurants , 722513",1771,0.0333
"Trenton-Princeton, NJ Metro Area, Mercer County, New Jersey, 45940","Colleges, Universities, and Professional Schools , 611310",14017,0.0698
"Trenton-Princeton, NJ Metro Area, Mercer County, New Jersey, 45940","Drugs and Druggists' Sundries Merchant Wholesalers , 424210",10847,0.054
"Trenton-Princeton, NJ Metro Area, Mercer County, New Jersey, 45940","Electronic Shopping and Mail-Order Houses , 454110",7765,0.0387
"Trenton-Princeton, NJ Metro Area, Mercer County, New Jersey, 45940","General Medical and Surgical Hospitals , 622110",7181,0.0358
"Trenton-Princeton, NJ Metro Area, Mercer County, New Jersey, 45940","Research and Development in the Physical, Engineering, and Life Sciences (except Nanotechnology and Biotechnology) , 541715",5365,0.0267
"Tulsa, OK Metro Area, Creek County, Oklahoma, 46140","Full-Service Restaurants , 722511",17476,0.0448
"Tulsa, OK Metro Area, Creek County, Oklahoma, 46140","General Medical and Surgical Hospitals , 622110",17339,0.0444
"Tulsa, OK Metro Area, Creek County, Oklahoma, 46140","Limited-Service Restaurants , 722513",17279,0.0443
"Tulsa, OK Metro Area, Creek County, Oklahoma, 46140","Corporate, Subsidiary, and Regional Managing Offices , 551114",11904,0.0305
"Tulsa, OK Metro Area, Creek County, Oklahoma, 46140","Temporary Help Services, 561320",8042,0.0206
"Urban Honolulu, HI Metro Area, Honolulu County, Hawaii, 46520","Full-Service Restaurants , 722511",18665,0.0571
"Urban Honolulu, HI Metro Area, Honolulu County, Hawaii, 46520","Limited-Service Restaurants , 722513",15572,0.0476
"Urban Honolulu, HI Metro Area, Honolulu County, Hawaii, 46520","General Medical and Surgical Hospitals , 622110",13998,0.0428
"Urban Honolulu, HI Metro Area, Honolulu County, Hawaii, 46520","Hotels (except Casino Hotels) and Motels , 721110",13799,0.0422
"Urban Honolulu, HI Metro Area, Honolulu County, Hawaii, 46520","Elementary and Secondary Schools , 611110",7472,0.0229
"Vallejo, CA Metro Area, Solano County, California, 46700","Limited-Service Restaurants , 722513",6028,0.0537
"Vallejo, CA Metro Area, Solano County, California, 46700","HMO Medical Centers , 621491",5210,0.0464
"Vallejo, CA Metro Area, Solano County, California, 46700","Full-Service Restaurants , 722511",5071,0.0452
"Vallejo, CA Metro Area, Solano County, California, 46700","General Medical and Surgical Hospitals , 622110",4947,0.0441
"Vallejo, CA Metro Area, Solano County, California, 46700","Supermarkets and Other Grocery (except Convenience) Stores , 445110",3238,0.0289
"Washington-Arlington-Alexandria, DC-VA-MD-WV Metro Area, District of Columbia, District of Columbia, 47900","Full-Service Restaurants , 722511",112604,0.0394
"Washington-Arlington-Alexandria, DC-VA-MD-WV Metro Area, District of Columbia, District of Columbia, 47900","Administrative Management and General Management Consulting Services , 541611",106073,0.0371
"Washington-Arlington-Alexandria, DC-VA-MD-WV Metro Area, District of Columbia, District of Columbia, 47900","Computer Systems Design Services , 541512",104224,0.0365
"Washington-Arlington-Alexandria, DC-VA-MD-WV Metro Area, District of Columbia, District of Columbia, 47900","Limited-Service Restaurants , 722513",96399,0.0338
"Washington-Arlington-Alexandria, DC-VA-MD-WV Metro Area, District of Columbia, District of Columbia, 47900","Custom Computer Programming Services , 541511",85080,0.0298
"Waterbury-Shelton, CT Metro Area, Naugatuck Valley Planning Region, Connecticut, 47930","General Medical and Surgical Hospitals , 622110",5531,0.0412
"Waterbury-Shelton, CT Metro Area, Naugatuck Valley Planning Region, Connecticut, 47930","Supermarkets and Other Grocery (except Convenience) Stores , 445110",4977,0.037
"Waterbury-Shelton, CT Metro Area, Naugatuck Valley Planning Region, Connecticut, 47930","Corporate, Subsidiary, and Regional Managing Offices , 551114",4942,0.0368
"Waterbury-Shelton, CT Metro Area, Naugatuck Valley Planning Region, Connecticut, 47930","Full-Service Restaurants , 722511",4660,0.0347
"Waterbury-Shelton, CT Metro Area, Naugatuck Valley Planning Region, Connecticut, 47930","Limited-Service Restaurants , 722513",4428,0.0329
"Waterloo-Cedar Falls, IA Metro Area, Black Hawk County, Iowa, 47940","General Medical and Surgical Hospitals , 622110",4596,0.0736
"Waterloo-Cedar Falls, IA Metro Area, Black Hawk County, Iowa, 47940","Farm Machinery and Equipment Manufacturing , 333111",4137,0.0662
"Waterloo-Cedar Falls, IA Metro Area, Black Hawk County, Iowa, 47940","Full-Service Restaurants , 722511",2649,0.0424
"Waterloo-Cedar Falls, IA Metro Area, Black Hawk County, Iowa, 47940","Supermarkets and Other Grocery (except Convenience) Stores , 445110",2314,0.0371
"Waterloo-Cedar Falls, IA Metro Area, Black Hawk County, Iowa, 47940","Limited-Service Restaurants , 722513",2314,0.0371
"Wausau, WI Metro Area, Marathon County, Wisconsin, 48140","Offices of Physicians (except Mental Health Specialists) , 621111",3182,0.0609
"Wausau, WI Metro Area, Marathon County, Wisconsin, 48140","Sheet Metal Work Manufacturing , 332322",2787,0.0533
"Wausau, WI Metro Area, Marathon County, Wisconsin, 48140","Cheese Manufacturing , 311513",2415,0.0462
"Wausau, WI Metro Area, Marathon County, Wisconsin, 48140","Corporate, Subsidiary, and Regional Managing Offices , 551114",2080,0.0398
"Wausau, WI Metro Area, Marathon County, Wisconsin, 48140","Full-Service Restaurants , 722511",1853,0.0355
"Winston-Salem, NC Metro Area, Davidson County, North Carolina, 49180","Corporate, Subsidiary, and Regional Managing Offices , 551114",25878,0.1063
"Winston-Salem, NC Metro Area, Davidson County, North Carolina, 49180","Limited-Service Restaurants , 722513",12505,0.0514
"Winston-Salem, NC Metro Area, Davidson County, North Carolina, 49180","Full-Service Restaurants , 722511",10399,0.0427
"Winston-Salem, NC Metro Area, Davidson County, North Carolina, 49180","Colleges, Universities, and Professional Schools , 611310",7031,0.0289
"Winston-Salem, NC Metro Area, Davidson County, North Carolina, 49180","Offices of Physicians (except Mental Health Specialists) , 621111",6605,0.0271
"Worcester, MA Metro Area, Worcester County, Massachusetts, 49340","General Medical and Surgical Hospitals , 622110",15460,0.0503
"Worcester, MA Metro Area, Worcester County, Massachusetts, 49340","Full-Service Restaurants , 722511",11216,0.0365
"Worcester, MA Metro Area, Worcester County, Massachusetts, 49340","Colleges, Universities, and Professional Schools , 611310",10078,0.0328
"Worcester, MA Metro Area, Worcester County, Massachusetts, 49340","Supermarkets and Other Grocery (except Convenience) Stores , 445110",9802,0.0319
"Worcester, MA Metro Area, Worcester County, Massachusetts, 49340","Limited-Service Restaurants , 722513",8605,0.028
"York-Hanover, PA Metro Area, York County, Pennsylvania, 49620","General Medical and Surgical Hospitals , 622110",7681,0.0493
"York-Hanover, PA Metro Area, York County, Pennsylvania, 49620","Limited-Service Restaurants , 722513",5720,0.0367
"York-Hanover, PA Metro Area, York County, Pennsylvania, 49620","Full-Service Restaurants , 722511",5502,0.0353
"York-Hanover, PA Metro Area, York County, Pennsylvania, 49620","General Warehousing and Storage , 493110",4967,0.0319
"York-Hanover, PA Metro Area, York County, Pennsylvania, 49620","Offices of Physicians (except Mental Health Specialists) , 621111",4868,0.0313
"Youngstown-Warren, OH Metro Area, Mahoning County, Ohio, 49660","Limited-Service Restaurants , 722513",7643,0.0579
"Youngstown-Warren, OH Metro Area, Mahoning County, Ohio, 49660","Full-Service Restaurants , 722511",6827,0.0517
"Youngstown-Warren, OH Metro Area, Mahoning County, Ohio, 49660","General Medical and Surgical Hospitals , 622110",6079,0.046
"Youngstown-Warren, OH Metro Area, Mahoning County, Ohio, 49660","Nursing Care Facilities (Skilled Nursing Facilities) , 623110",3889,0.0295
"Youngstown-Warren, OH Metro Area, Mahoning County, Ohio, 49660","Offices of Physicians (except Mental Health Specialists) , 621111",3540,0.0268
